code,en_name,en_simp,cn_name,cn_simp
0001,universityofoxford,uoo,牛津大学,牛津
0002,californiainstituteoftechnology,ciot,加州理工学院,加州理工
0003,universityofcambridge,uoc,剑桥大学,剑桥
0004,stanforduniversity,su,斯坦福大学,斯坦福
0005,massachusettsinstituteoftechnology,miot,麻省理工学院,麻省理工
0006,princetonuniversity,pu,普林斯顿大学,普林斯顿
0007,harvarduniversity,hu,哈佛大学,哈佛
0008,yaleuniversity,yu,耶鲁大学,耶鲁
0009,universityofchicago,uoc,芝加哥大学,芝加哥
0010,imperialcollegelondon,icl,帝国理工学院,帝国理工
0011,universityofpennsylvania,uop,宾夕法尼亚大学,宾夕法尼亚
0012,johnshopkinsuniversity,jhu,约翰霍普金斯大学,约翰霍普金斯
0013,"universityofcalifornia, berkeley",uoc,加州大学伯克利分校,加州伯克利分校
0014,ethzurich,ez,苏黎世联邦理工学院,苏黎世联邦理工
0015,ucl,UCL,伦敦大学学院,伦敦
0016,columbiauniversity,cu,哥伦比亚大学,哥伦比亚
0017,"universityofcalifornia,losangeles",uocla,加州大学洛杉矶分校,加州洛杉矶分校
0018,universityoftoronto,uot,多伦多大学,多伦多
0019,cornelluniversity,cu,康奈尔大学,康奈尔
0020,dukeuniversity,du,杜克大学,杜克
0021,"universityofmichigan,annarbor",uomaa,密歇根大学安娜堡分校,密歇根安娜堡分校
0022,northwesternuniversity,nu,西北大学,西北
0023,tsinghuauniversity,tu,清华大学,清华
0024,pekinguniversity,pu,北京大学,北京
0025,nationaluniversity ofsingapore,nus,新加坡国立大学,新加坡国立
0026,universityofwashington,uow,华盛顿大学,华盛顿
0027,carnegiemellonuniversity,cmu,卡耐基梅隆大学,卡耐基梅隆
0028,londonschoolofeconomicsandpoliticalscience,lsoeaps,伦敦政治经济学院,伦敦政治经济
0029,newyorkuniversity,nyu,纽约大学,纽约
0030,universityofedinburgh,uoe,爱丁堡大学,爱丁堡
0031,"universityofcalifornia,sandiego",uocsd,加州大学圣地亚哥分校,加州圣地亚哥分校
0032,lmumunich,lm,慕尼黑大学,慕尼黑
0033,universityofmelbourne,uom,墨尔本大学,墨尔本
0034,universityofbritishcolumbia,uobc,英属哥伦比亚大学,英属哥伦比亚
0035,universityofhongkong,uohk,香港大学,香港
0036,king’scollegelondon,kcl,伦敦大学国王学院,伦敦国王
0037,theuniversityoftokyo,tuot,东京大学,东京
0038,écolepolytechniquefédéraledelausanne,épfdl,洛桑联邦理工学院,洛桑联邦理工
0039,georgiainstituteoftechnology,giot,佐治亚理工学院,佐治亚理工
0040,universityoftexasataustin,uotaa,德克萨斯大学奥斯汀分校,德克萨斯奥斯汀分校
0041,karolinskainstitute,ki,卡罗琳学院,卡罗琳
0042,mcgilluniversity,mu,麦吉尔大学,麦吉尔
0043,technicaluniversityofmunich,tuom,慕尼黑工业大学,慕尼黑工业
0044,heidelberguniversity,hu,海德堡大学,海德堡
0045,kuleuven,kl,鲁汶大学（荷语）,鲁汶（荷语）
0046,parissciencesetlettres–pslresearchuniversityparis,psel–prup,巴黎人文与科学学院,巴黎人文与科学
0047,thehongkonguniversityofscienceandtechnology,thkuosat,香港科技大学,香港科技
0048,"universityofillinoisaturbana,champaign",uoiauc,伊利诺伊大学厄本那-香槟分校,伊利诺伊厄本那-香槟分校
0049,"nanyangtechnologicaluniversity,singapore",ntus,南洋理工大学,南洋理工
0050,australiannationaluniversity,anu,澳洲国立大学,澳洲国立
0051,"universityofwisconsin,madison",uowm,威斯康辛大学麦迪逊分校,威斯康辛麦迪逊分校
0052,washingtonuniversityinstlouis,wuisl,圣路易斯华盛顿大学,圣路易斯华盛顿
0053,brownuniversity,bu,布朗大学,布朗
0054,universityofnorthcarolinaatchapelhill,uoncach,北卡罗来纳大学教堂山分校,北卡罗来纳教堂山分校
0055,"universityofcalifornia,davis",uocd,加州大学戴维斯分校,加州戴维斯分校
0056,universityofmanchester,uom,曼彻斯特大学,曼彻斯特
0057,"universityofcalifornia,santabarbara",uocsb,加州大学圣塔芭芭拉分校,加州圣塔芭芭拉分校
0058,chineseuniversityofhongkong,cuohk,香港中文大学,香港中文
0059,wageningenuniversity&research,wu&r,万格宁根大学,万格宁根
0060,universityofsydney,uos,悉尼大学,悉尼
0061,bostonuniversity,bu,波士顿大学,波士顿
0062,universityofamsterdam,uoa,阿姆斯特丹大学,阿姆斯特丹
0063,universityofsoutherncalifornia,uosc,南加州大学,南加州
0064,seoulnationaluniversity,snu,首尔国立大学,首尔国立
0065,kyotouniversity,ku,京都大学,京都
0066,universityofqueensland,uoq,昆士兰大学,昆士兰
0067,delftuniversityoftechnology,duot,代尔夫特理工大学,代尔夫特理工
0068,leidenuniversity,lu,莱顿大学,莱顿
0069,erasmusuniversityrotterdam,eur,伊拉斯姆斯大学,伊拉斯姆斯
0070,ohiostateuniversity(maincampus),osu(c,俄亥俄州立大学,俄亥俄州立
0071,unswsydney,us,新南威尔士大学,新南威尔士
0072,mcmasteruniversity,mu,麦克马斯特大学,麦克马斯特
0073,universityofgroningen,uog,格罗宁根大学,格罗宁根
0074,humboldtuniversityofberlin,huob,柏林洪堡大学,柏林洪堡
0075,monashuniversity,mu,莫纳什大学,莫纳什
0076,utrechtuniversity,uu,乌得勒支大学,乌得勒支
0077,universityofwarwick,uow,华威大学,华威
0078,pennstate(maincampus),ps(c,宾州州立大学公园分校,宾州州立公园分校
0079,universityofminnesota,uom,明尼苏达大学双城分校,明尼苏达双城分校
0080,"charité, universitätsmedizinberlin","c,ub",柏林查理特医科大学,柏林查理特医科
0081,emoryuniversity,eu,艾茉莉大学,艾茉莉
0082,universityofscienceandtechnologyofchina,uosatoc,中国科学技术大学,中国科学技术
0083,sorbonneuniversity,su,索邦大学,索邦
0084,michiganstateuniversity,msu,密歇根州立大学,密歇根州立
0085,universityofmontreal,uom,蒙特利尔大学,蒙特利尔
0086,universityoffreiburg,uof,弗莱堡大学,弗莱堡
0087,universityofbristol,uob,布里斯托大学,布里斯托
0088,purdueuniversitywestlafayette,puwl,普渡大学西拉法叶分校,普渡西拉法叶分校
0089,sungkyunkwanuniversity(skku),su(,成均馆大学,成均馆
0090,universityofzurich,uoz,苏黎世大学,苏黎世
0091,"universityofmaryland,collegepark",uomcp,马里兰大学学院公园分校,马里兰公园分校
0092,universityoftübingen,uot,蒂宾根大学,蒂宾根
0093,écolepolytechnique,ép,巴黎高等理工学院,巴黎高等理工
0094,universityofbasel,uob,巴塞尔大学,巴塞尔
0095,dartmouthcollege,dc,达特茅斯学院,达特茅斯
0096,"universityofcalifornia,irvine",uoci,加州大学尔湾分校,加州尔湾分校
0097,universityofhelsinki,uoh,赫尔辛基大学,赫尔辛基
0098,lunduniversity,lu,隆德大学,隆德
0099,universityofglasgow,uog,格拉斯哥大学,格拉斯哥
0100,rwthaachenuniversity,rau,亚琛工业大学,亚琛工业
0101,universityofcopenhagen,uoc,哥本哈根大学,哥本哈根
0102,georgetownuniversity,gu,乔治敦大学,乔治敦
0103,uppsalauniversity,uu,乌普萨拉大学,乌普萨拉
0104,universityofarizona,uoa,亚利桑那大学,亚利桑那
0105,universityofbonn,uob,波恩大学,波恩
0106,riceuniversity,ru,莱斯大学,莱斯
0107,universityofvirginia(maincampus),uov(c,弗吉尼亚大学,弗吉尼亚
0108,zhejianguniversity,zu,浙江大学,浙江
0109,fudanuniversity,fu,复旦大学,复旦
0110,koreaadvancedinstituteofscienceandtechnology(kaist),kaiosat(,韩国高等科技学院,韩国高等科技
0111,queenmaryuniversityoflondon,qmuol,伦敦大学玛丽女王学院,伦敦玛丽女王
0112,universityofbirmingham,uob,伯明翰大学,伯明翰
0113,universityofbern,uob,伯尔尼大学,伯尔尼
0114,"universityofpittsburgh,pittsburghcampus",uoppc,匹兹堡大学,匹兹堡
0115,aarhusuniversity,au,奥胡斯大学,奥胡斯
0116,vanderbiltuniversity,vu,范德堡大学,范德堡
0117,freeuniversityofberlin,fuob,柏林自由大学,柏林自由
0118,universityofsheffield,uos,谢菲尔德大学,谢菲尔德
0119,casewesternreserveuniversity,cwru,凯斯西储大学,凯斯西储
0120,universityofadelaide,uoa,阿德雷德大学,阿德雷德
0121,nationaltaiwanuniversity,ntu,国立台湾大学,国立台湾
0122,universityofsouthampton,uos,南安普敦大学,南安普敦
0123,ghentuniversity,gu,根特大学,根特
0124,universityofcoloradoboulder,uocb,科罗拉多大学博尔德分校,科罗拉多博尔德分校
0125,universityofgöttingen,uog,哥廷根大学,哥廷根
0126,cityuniversityofhongkong,cuohk,香港城市大学,香港城市
0127,maastrichtuniversity,mu,马斯特里赫特大学,马斯特里赫特
0128,radbouduniversitynijmegen,run,奈梅亨大学,奈梅亨
0129,universityofyork,uoy,约克大学（英国）,约克（英国）
0130,universityofparis,uop,巴黎大学,巴黎
0131,universityofoslo,uoo,奥斯陆大学,奥斯陆
0132,universityofwesternaustralia,uowa,西澳大学,西澳
0133,durhamuniversity,du,杜伦大学,杜伦
0134,indianauniversity,iu,印第安纳大学伯明顿分校,印第安纳伯明顿分校
0135,universityofvienna,uov,维也纳大学,维也纳
0136,universityofalberta,uoa,阿尔伯塔大学,阿尔伯塔
0137,universityofcapetown,uoct,开普敦大学,开普敦
0138,vrijeuniversiteitamsterdam,vua,阿姆斯特丹自由大学,阿姆斯特丹自由
0139,lancasteruniversity,lu,兰卡斯特大学,兰卡斯特
0140,tuftsuniversity,tu,塔夫斯大学,塔夫斯
0141,universityofottawa,uoo,渥太华大学,渥太华
0142,ulmuniversity,uu,乌尔姆大学,乌尔姆
0143,pompeufabrauniversity,pfu,庞培法布拉大学,庞培法布拉
0144,universityofgeneva,uog,日内瓦大学,日内瓦
0145,nanjinguniversity,nu,南京大学,南京
0146,universityofexeter,uoe,埃克塞特大学,埃克塞特
0147,pohanguniversityofscienceandtechnology(postech),puosat(,浦项科技大学,浦项科技
0148,universityofsussex,uos,萨塞克斯大学,萨塞克斯
0149,universityofhamburg,uoh,汉堡大学,汉堡
0150,sant’annaschoolofadvancedstudies–pisa,ssoas–p,比萨圣安娜大学,比萨圣安娜
0151,technicaluniversityofberlin,tuob,柏林工业大学,柏林工业
0152,universitécatholiquedelouvain,ucdl,鲁汶大学（法语）,鲁汶（法语）
0153,universityofnottingham,uon,诺丁汉大学,诺丁汉
0154,scuolanormalesuperioredipisa,snsdp,比萨高等师范学院,比萨高等师范
0155,arizonastateuniversity(tempe),asu(,亚利桑那州立大学,亚利桑那州立
0156,universityofleeds,uol,利兹大学,利兹
0157,autonomousuniversityofbarcelona,auob,巴塞罗那自治大学,巴塞罗那自治
0158,universityofcologne,uoc,科隆大学,科隆
0159,universityofmannheim,uom,曼海姆大学,曼海姆
0160,universityofnotredame,uond,圣母大学,圣母
0161,shanghaijiaotonguniversity,sjtu,上海交通大学,上海交通
0162,tudresden,td,德累斯顿工业大学,德累斯顿工业
0163,universityofwürzburg,uow,维尔茨堡大学,维尔茨堡
0164,trinitycollegedublin,tcd,都柏林圣三一学院,都柏林圣三一
0165,universityofliverpool,uol,利物浦大学,利物浦
0166,bielefelduniversity,bu,比勒费尔德大学,比勒费尔德
0167,universityofleicester,uol,莱斯特大学,莱斯特
0168,universityofaberdeen,uoa,阿伯丁大学,阿伯丁
0169,universityofbologna,uob,博洛尼亚大学,博洛尼亚
0170,"rutgers,thestateuniversityofnewjersey",rtsuonj,罗格斯大学,罗格斯
0171,hongkongpolytechnicuniversity,hkpu,香港理工大学,香港理工
0172,universityofalabamaatbirmingham,uoaab,阿拉巴马大学伯明翰分校,阿拉巴马伯明翰分校
0173,northeasternuniversity,nu,东北大学,东北
0174,universityofrochester,uor,罗切斯特大学,罗切斯特
0175,universityofflorida,uof,佛罗里达大学,佛罗里达
0176,karlsruheinstituteoftechnology,kiot,卡尔斯鲁厄理工学院,卡尔斯鲁厄理工
0177,stockholmuniversity,su,斯德哥尔摩大学,斯德哥尔摩
0178,texasa&muniversity,tau,德州农工大学,德州农工
0179,universityofauckland,uoa,奥克兰大学,奥克兰
0180,"universityofcalifornia,santacruz",uocsc,加州大学圣克鲁兹分校,加州圣克鲁兹分校
0181,koreauniversity,ku,高丽大学,高丽
0182,queenslanduniversityoftechnology,quot,昆士兰科技大学,昆士兰科技
0183,"universityoferlangen,nuremberg",uoen,埃尔朗根-纽伦堡大学,埃尔朗根-纽伦堡
0184,aaltouniversity,au,阿尔托大学,阿尔托
0185,technicaluniversityofdenmark,tuod,丹麦理工大学,丹麦理工
0186,eindhovenuniversityoftechnology,euot,埃因霍温理工大学,埃因霍温理工
0187,universityofgothenburg,uog,哥德堡大学,哥德堡
0188,télécomparis,tp,巴黎高等电信学院,巴黎高等电信
0189,lomonosovmoscowstateuniversity,lmsu,莫斯科国立大学,莫斯科国立
0190,universityofmünster,uom,明斯特大学,明斯特
0191,telavivuniversity,tau,特拉维夫大学,特拉维夫
0192,universityofeastanglia,uoea,东安格利亚大学,东安格利亚
0193,universityofcanberra,uoc,堪培拉大学,堪培拉
0194,"universityofduisburg,essen",uode,杜伊斯堡-埃森大学,杜伊斯堡-埃森
0195,universityoftechnologysydney,uots,悉尼科技大学,悉尼科技
0196,universityofthewitwatersrand,uotw,金山大学,金山
0197,yonseiuniversity(seoulcampus),yu(c,延世大学,延世
0198,universityofantwerp,uoa,安特卫普大学,安特卫普
0199,cardiffuniversity,cu,卡迪夫大学,卡迪夫
0200,georgewashingtonuniversity,gwu,乔治华盛顿大学,乔治华盛顿
0201,universityoflausanne,uol,洛桑大学,洛桑
0202,universityofstandrews,uosa,圣安德鲁斯大学,圣安德鲁斯
0203,aalborguniversity,au,奥尔堡大学,奥尔堡
0204,universityofbarcelona,uob,巴塞罗那大学,巴塞罗那
0205,universityofbergen,uob,卑尔根大学,卑尔根
0206,brandeisuniversity,bu,布兰迪斯大学,布兰迪斯
0207,universityofcalgary,uoc,卡尔加里大学,卡尔加里
0208,copenhagenbusinessschool,cbs,哥本哈根商学院,哥本哈根商
0209,universityofdundee,uod,邓迪大学,邓迪
0210,écolenormalesupérieuredelyon,énsdl,里昂高等师范学院,里昂高等师范
0211,griffithuniversity,gu,格里菲斯大学,格里菲斯
0212,universityofhawai’iatmānoa,uoham,夏威夷大学马诺阿分校,夏威夷马诺阿分校
0213,hebrewuniversityofjerusalem,huoj,耶路撒冷希伯来大学,耶路撒冷希伯来
0214,universityofhohenheim,uoh,霍恩海姆大学,霍恩海姆
0215,howarduniversity,hu,霍华德大学,霍华德
0216,universityofiowa,uoi,爱荷华大学,爱荷华
0217,jamescookuniversity,jcu,詹姆斯库克大学,詹姆斯库克
0218,kingabdulazizuniversity,kau,阿卜杜勒阿齐兹国王大学,阿卜杜勒阿齐兹国王
0219,universityofkonstanz,uok,康斯坦茨大学,康斯坦茨
0220,kthroyalinstituteoftechnology,kriot,瑞典皇家理工学院,瑞典皇家理工
0221,universitélibredebruxelles,uldb,布鲁塞尔自由大学（法语）,布鲁塞尔自由（法语）
0222,universityofluxembourg,uol,卢森堡大学,卢森堡
0223,macquarieuniversity,mu,麦考瑞大学,麦考瑞
0224,universityofmassachusetts,uom,马萨诸塞大学阿默斯特分校,马萨诸塞阿默斯特分校
0225,medicaluniversityofgraz,muog,格拉茨医科大学,格拉茨医科
0226,medicaluniversityofvienna,muov,维也纳医科大学,维也纳医科
0227,universityofmiami,uom,迈阿密大学,迈阿密
0228,moscowinstituteof physics andtechnology,miot,莫斯科物理技术学院,莫斯科物理技术
0229,newcastleuniversity,nu,纽卡斯尔大学（英国）,纽卡斯尔（英国）
0230,universityofotago,uoo,奥塔戈大学,奥塔戈
0231,universityofpadua,uop,帕多瓦大学,帕多瓦
0232,"paris,suduniversity",psu,巴黎第十一大学,巴黎第十一
0233,queen’suniversitybelfast,qub,贝尔法斯特女王大学,贝尔法斯特女王
0234,universityofreading,uor,雷丁大学,雷丁
0235,royalcollegeofsurgeonsinireland(rcsi),rcosii(,爱尔兰皇家外科医学院,爱尔兰皇家外科医
0236,"stgeorge’s,universityoflondon",sguol,伦敦大学圣乔治学院,伦敦圣乔治
0237,universityofsouthflorida(tampa),uosf(,南佛罗里达大学,南佛罗里达
0238,tilburguniversity,tu,蒂尔堡大学,蒂尔堡
0239,universityoftwente,uot,特文特大学,特文特
0240,ulsannationalinstituteofscienceandtechnology(unist),uniosat(,蔚山国立科技学院,蔚山国立科技
0241,universitycollegedublin,ucd,都柏林大学学院,都柏林
0242,universityofutah,uou,犹他大学,犹他
0243,virginiapolytechnicinstituteandstateuniversity,vpiasu,弗吉尼亚理工学院,弗吉尼亚理工
0244,"vita,salutesanraffaeleuniversity",vssru,圣拉斐尔大学,圣拉斐尔
0245,vrijeuniversiteitbrussel,vub,布鲁塞尔自由大学（荷语）,布鲁塞尔自由（荷语）
0246,wakeforestuniversity,wfu,维克森林大学,维克森林
0247,universityofwaterloo,uow,滑铁卢大学,滑铁卢
0248,westernuniversity,wu,西安大略大学,西安大略
0249,william&mary,w&m,威廉玛丽学院,威廉玛丽
0250,universityofwollongong,uow,卧龙岗大学,卧龙岗
0251,alfaisaluniversity,au,阿尔法塞尔大学,阿尔法塞尔
0252,aucklanduniversityoftechnology,auot,奥克兰理工大学,奥克兰理工
0253,autonomousuniversityofmadrid,auom,马德里自治大学,马德里自治
0254,universityofbath,uob,巴斯大学,巴斯
0255,brightonandsussexmedicalschool,basms,布莱顿与萨塞克斯医学院,布莱顿与萨塞克斯医
0256,universityatbuffalo,uab,纽约州立大学水牛城分校,纽约州立水牛城分校
0257,"universityofcalifornia,riverside",uocr,加州大学河滨分校,加州河滨分校
0258,chalmersuniversityoftechnology,cuot,查尔姆斯工业大学,查尔姆斯工业
0259,universityofcincinnati,uoc,辛辛那提大学,辛辛那提
0260,curtinuniversity,cu,科廷大学,科廷
0261,dalhousieuniversity,du,戴尔豪斯大学,戴尔豪斯
0262,universityofdelaware,uod,特拉华大学,特拉华
0263,écoledespontsparistech,édpp,巴黎高等路桥学院,巴黎高等路桥
0264,universityofessex,uoe,埃塞克斯大学,埃塞克斯
0265,flindersuniversity,fu,佛林德斯大学,佛林德斯
0266,floridastateuniversity,fsu,佛罗里达州立大学,佛罗里达州立
0267,georgemasonuniversity,gmu,乔治梅森大学,乔治梅森
0268,"heriot,wattuniversity",hwu,赫瑞瓦特大学,赫瑞瓦特
0269,higherschoolof economics,hso,俄罗斯高等经济学院,俄罗斯高等经济
0270,universityofillinoisatchicago,uoiac,伊利诺伊大学芝加哥分校,伊利诺伊芝加哥分校
0271,universityofkiel,uok,基尔大学（德国）,基尔（德国）
0272,latrobeuniversity,ltu,拉筹伯大学,拉筹伯
0273,lavaluniversity,lu,拉瓦尔大学,拉瓦尔
0274,macauuniversityofscienceandtechnology,muosat,澳门科技大学,澳门科技
0275,medicaluniversityofinnsbruck,muoi,因斯布鲁克医科大学,因斯布鲁克医科
0276,"nationaluniversityofireland,galway",nuoig,高威大学,高威
0277,universityofnavarra,uon,纳瓦拉大学,纳瓦拉
0278,universityoforegon,uoo,俄勒冈大学,俄勒冈
0279,oregonhealthandscienceuniversity,ohasu,俄勒冈健康科学大学,俄勒冈健康科学
0280,universityofoulu,uoo,奥卢大学,奥卢
0281,universityofpassau,uop,帕绍大学,帕绍
0282,universityofpotsdam,uop,波茨坦大学,波茨坦
0283,queen’suniversity,qu,皇后大学,皇后
0284,"royalholloway,universityoflondon",rhuol,伦敦大学皇家霍洛威学院,伦敦皇家霍洛威
0285,ruhruniversitybochum,rub,波鸿大学,波鸿
0286,universityofsãopaulo,uosp,圣保罗大学,圣保罗
0287,sapienzauniversityofrome,suor,罗马第一大学,罗马第一
0288,simonfraseruniversity,sfu,西门菲莎大学,西门菲莎
0289,universityofsouthaustralia,uosa,南澳大学,南澳
0290,universityofsoutherndenmark,uosd,南丹麦大学,南丹麦
0291,stellenboschuniversity,su,斯泰伦博斯大学,斯泰伦博斯
0292,universityofstuttgart,uos,斯图加特大学,斯图加特
0293,"sunyat,senuniversity",sysu,中山大学,中山
0294,universityofsurrey,uos,萨里大学,萨里
0295,swanseauniversity,su,斯旺西大学,斯旺西
0296,syracuseuniversity,su,雪城大学,雪城
0297,tampereuniversity,tu,坦佩雷理工大学,坦佩雷理工
0298,technicaluniversityofdarmstadt,tuod,达姆施塔特工业大学,达姆施塔特工业
0299,tohokuuniversity,tu,东北大学（日本）,东北（日本）
0300,tokyoinstituteoftechnology,tiot,东京工业大学,东京工业
0301,westernsydneyuniversity,wsu,西悉尼大学,西悉尼
0302,"aix,marseilleuniversity",amu,马赛大学,马赛
0303,angliaruskinuniversity,aru,安格利亚鲁斯金大学,安格利亚鲁斯金
0304,beijingnormaluniversity,bnu,北京师范大学,北京师范
0305,bostoncollege,bc,波士顿学院,波士顿
0306,universityofcanterbury,uoc,坎特伯雷大学（新西兰）,坎特伯雷（新西兰）
0307,coloradoschoolofmines,csom,科罗拉多矿业学院,科罗拉多矿业
0308,cyprusuniversityoftechnology,cuot,塞浦路斯理工大学,塞浦路斯理工
0309,deakinuniversity,du,迪肯大学,迪肯
0310,universityoffribourg,uof,弗里堡大学,弗里堡
0311,goetheuniversityfrankfurt,guf,法兰克福大学,法兰克福
0312,grenoblealpesuniversity,gau,格勒诺布尔大学,格勒诺布尔
0313,huazhonguniversityofscienceandtechnology,huosat,华中科技大学,华中科技
0314,indianinstituteofscience,iios,印度科学学院,印度科学
0315,indianinstituteoftechnologyropar,iiotr,印度理工学院罗巴尔分校,印度理工罗巴尔分校
0316,jacobsuniversity,ju,不来梅雅各布大学,不来梅雅各布
0317,johannesgutenberguniversityofmainz,jguom,美因茨大学,美因茨
0318,universityofklagenfurt,uok,克拉根福大学,克拉根福
0319,kyungheeuniversity,khu,庆熙大学,庆熙
0320,universityofliège,uol,列日大学,列日
0321,universityofmacau,uom,澳门大学,澳门
0322,universityofmalaya,uom,马来亚大学,马来亚
0323,universityofmarburg,uom,马尔堡大学,马尔堡
0324,maynoothuniversity,mu,梅努斯大学,梅努斯
0325,universityofmilan,uom,米兰大学,米兰
0326,montpellieruniversity,mu,蒙彼利埃大学,蒙彼利埃
0327,nagoyauniversity,nu,名古屋大学,名古屋
0328,universityofnewcastle,uon,纽卡斯尔大学（澳洲）,纽卡斯尔（澳洲）
0329,universityofnewmexico(maincampus),uonm(c,新墨西哥大学,新墨西哥
0330,northcarolinastateuniversity,ncsu,北卡罗来纳州立大学,北卡罗来纳州立
0331,novasoutheasternuniversity,nsu,诺瓦东南大学,诺瓦东南
0332,osakauniversity,ou,大阪大学,大阪
0333,polytechnicuniversityofmilan,puom,米兰理工大学,米兰理工
0334,reykjavíkuniversity,ru,雷克雅未克大学,雷克雅未克
0335,rushuniversity,ru,拉什大学,拉什
0336,southernuniversityofscienceandtechnology(sustech),suosat(,南方科技大学,南方科技
0337,stonybrookuniversity,sbu,纽约州立大学石溪分校,纽约州立石溪分校
0338,swedishuniversityofagriculturalsciences,suoas,瑞典农业科学大学,瑞典农业科学
0339,universityoftartu,uot,塔尔图大学,塔尔图
0340,universityoftasmania,uot,塔斯马尼亚大学,塔斯马尼亚
0341,templeuniversity,tu,天普大学,天普
0342,"theuniversityoftennessee,knoxville",tuotk,田纳西大学,田纳西
0343,universityoftexasatdallas,uotad,德克萨斯大学达拉斯分校,德克萨斯达拉斯分校
0344,universityoftrento,uot,特伦托大学,特伦托
0345,tulaneuniversity,tu,杜兰大学,杜兰
0346,umeåuniversity,uu,于默奥大学,于默奥
0347,unitedarabemiratesuniversity,uaeu,阿联酋大学,阿联酋
0348,universitàdellasvizzeraitaliana,udsi,提契诺大学,提契诺
0349,universitycollegecork,ucc,科克大学学院,科克
0350,victoriauniversity,vu,维多利亚大学（澳洲）,维多利亚（澳洲）
0351,universityofalaskafairbanks,uoaf,阿拉斯加大学费尔班克斯分校,阿拉斯加费尔班克斯分校
0352,americanuniversityofbeirut,auob,贝鲁特美国大学,贝鲁特美国
0353,australiancatholicuniversity,acu,澳洲天主大学,澳洲天主
0354,babolnoshirvaniuniversityoftechnology,bnuot,巴伯勒理工大学,巴伯勒理工
0355,universityofbayreuth,uob,拜罗伊特大学,拜罗伊特
0356,"birkbeck,universityoflondon",buol,伦敦大学伯克贝克学院,伦敦伯克贝克
0357,universityofbremen,uob,不来梅大学,不来梅
0358,bruneluniversitylondon,bul,布鲁内尔大学,布鲁内尔
0359,"universityofcalifornia,merced",uocm,加州大学默塞德分校,加州默塞德分校
0360,catholicuniversityofportugal,cuop,葡萄牙天主大学,葡萄牙天主
0361,clarkuniversity,cu,克拉克大学,克拉克
0362,universityofconnecticut,uoc,康涅狄格大学,康涅狄格
0363,universityofcrete,uoc,克里特大学,克里特
0364,universityofdenver,uod,丹佛大学,丹佛
0365,universityofflorence,uof,佛罗伦萨大学,佛罗伦萨
0366,"goldsmiths,universityoflondon",guol,伦敦大学金史密斯学院,伦敦金史密斯
0367,hanyanguniversity,hu,汉阳大学,汉阳
0368,hasseltuniversity,hu,哈瑟尔特大学,哈瑟尔特
0369,hofstrauniversity,hu,霍夫斯特拉大学,霍夫斯特拉
0370,universityoficeland,uoi,冰岛大学,冰岛
0371,imtatlantique,ia,法国大西洋高等矿业电信学校,法国大西洋高等矿业电信学校
0372,indianinstituteoftechnologyindore,iioti,印度理工学院印多尔分校,印度理工印多尔分校
0373,iowastateuniversity,isu,爱荷华州立大学,爱荷华州立
0374,jordanuniversityofscienceandtechnology,juosat,约旦科技大学,约旦科技
0375,justusliebiguniversitygiessen,jlug,吉森大学,吉森
0376,universityofkent,uok,肯特大学,肯特
0377,khalifauniversity,ku,哈里发大学,哈里发
0378,loughboroughuniversity,lu,拉夫堡大学,拉夫堡
0379,universityofmanitoba,uom,曼尼托巴大学,曼尼托巴
0380,nankaiuniversity,nu,南开大学,南开
0381,universityofnaplesfedericoii,uonfi,那不勒斯腓特烈二世大学,那不勒斯腓特烈二世
0382,nationaltsinghuauniversity,nthu,国立清华大学,国立清华
0383,northumbriauniversity,nu,诺森比亚大学,诺森比亚
0384,"universityofoccupationalandenvironmentalhealth,japan",uooaehj,日本职业与环境卫生大学,日本职业与环境卫生
0385,örebrouniversity,öu,厄勒布鲁大学,厄勒布鲁
0386,oregonstateuniversity,osu,俄勒冈州立大学,俄勒冈州立
0387,universityofperugia,uop,佩鲁贾大学,佩鲁贾
0388,universityofpisa,uop,比萨大学,比萨
0389,rmituniversity,ru,皇家墨尔本理工大学,皇家墨尔本理工
0390,universityofsalerno,uos,萨勒诺大学,萨勒诺
0391,stateuniversityofnewyorkalbany,suonya,纽约州立大学阿尔巴尼分校,纽约州立阿尔巴尼分校
0392,universityofstirling,uos,斯特林大学,斯特林
0393,swinburneuniversityoftechnology,suot,斯威本科技大学,斯威本科技
0394,taipeimedicaluniversity,tmu,台北医学大学,台北医学
0395,tudortmunduniversity,tdu,多特蒙德工业大学,多特蒙德工业
0396,universityofturku,uot,图库大学,图库
0397,"universitédeversaillessaint,quentin,en,yvelines",udvsqey,凡尔赛大学,凡尔赛
0398,viennauniversityoftechnology,vuot,维也纳工业大学,维也纳工业
0399,washingtonstateuniversity,wsu,华盛顿州立大学,华盛顿州立
0400,waynestateuniversity,wsu,韦恩州立大学,韦恩州立
0401,wuhanuniversity,wu,武汉大学,武汉
0402,aberystwythuniversity,au,阿伯斯威大学,阿伯斯威
0403,universityofalabama,uoa,阿拉巴马大学,阿拉巴马
0404,americanuniversity,au,美利坚大学,美利坚
0405,aswanuniversity,au,阿斯旺大学,阿斯旺
0406,bangoruniversity,bu,班戈大学,班戈
0407,universityofbarialdomoro,uobam,巴里大学,巴里
0408,bonduniversity,bu,邦德大学,邦德
0409,universityofbordeaux,uob,波尔多大学,波尔多
0410,bournemouthuniversity,bu,伯恩茅斯大学,伯恩茅斯
0411,universitibruneidarussalam,ubd,文莱达鲁萨兰大学,文莱达鲁萨兰
0412,cankayauniversity,cu,詹卡亚大学,詹卡亚
0413,centralenantes,cn,南特中央理工学校,南特中央理工学校
0414,centralsouthuniversity,csu,中南大学,中南
0415,charlesuniversityinprague,cuip,布拉格查尔斯大学,布拉格查尔斯
0416,"city,universityoflondon",cuol,伦敦城市大学,伦敦城市
0417,"coloradostateuniversity,fortcollins",csufc,科罗拉多州立大学,科罗拉多州立
0418,universityofcôted’azur,uocd,里维埃拉大学,里维埃拉
0419,covenantuniversity,cu,圣约大学,圣约
0420,universityofcyprus,uoc,塞浦路斯大学,塞浦路斯
0421,universityofdesarrollo,uod,德萨罗洛大学,德萨罗洛
0422,diegoportalesuniversity,dpu,迭戈波尔特大学,迭戈波尔特
0423,drexeluniversity,du,德雷塞尔大学,德雷塞尔
0424,universityofeasternfinland,uoef,东芬兰大学,东芬兰
0425,"écoledesminesdesaint,étienne",édmdsé,圣艾蒂安高等矿业学院,圣艾蒂安高等矿业
0426,edithcowanuniversity,ecu,埃迪斯科文大学,埃迪斯科文
0427,"federaluniversityoftoulousemidi,pyrénées",fuotmp,图卢兹联邦大学,图卢兹联邦
0428,universityofferrara,uof,费拉拉大学,费拉拉
0429,"freeuniversityofbozen,bolzano",fuobb,博尔扎诺自由大学,博尔扎诺自由
0430,fujitahealthuniversity,fhu,藤田保健卫生大学,藤田保健卫生
0431,universityofgenoa,uog,热那亚大学,热那亚
0432,universityofgeorgia,uog,佐治亚大学,佐治亚
0433,georgiastateuniversity,gsu,佐治亚州立大学,佐治亚州立
0434,gwangjuinstituteofscienceandtechnology,giosat,光州科技学院,光州科技
0435,harbininstituteoftechnology,hiot,哈尔滨工业大学,哈尔滨工业
0436,hokkaidouniversity,hu,北海道大学,北海道
0437,hongkongbaptistuniversity,hkbu,香港浸会大学,香港浸会
0438,universityofhouston,uoh,休斯敦大学,休斯敦
0439,hunanuniversity,hu,湖南大学,湖南
0440,indianinstituteoftechnologybombay,iiotb,印度理工学院孟买分校,印度理工孟买分校
0441,indianinstituteoftechnologydelhi,iiotd,印度理工学院德里分校,印度理工德里分校
0442,indianinstituteoftechnologykharagpur,iiotk,印度理工学院克勒格布尔分校,印度理工克勒格布尔分校
0443,universityofinnsbruck,uoi,因斯布鲁克大学,因斯布鲁克
0444,itmouniversity,iu,圣彼得堡国立信息技术大学,圣彼得堡国立信息技术
0445,universityofkansas,uok,堪萨斯大学,堪萨斯
0446,universityofkentucky,uok,肯塔基大学,肯塔基
0447,"universityofkwazulu,natal",uokn,夸祖鲁-纳塔尔大学,夸祖鲁-纳塔尔
0448,kyushuuniversity,ku,九州大学,九州
0449,leibnizuniversityhanover,luh,汉诺威大学,汉诺威
0450,linköpinguniversity,lu,林雪平大学,林雪平
0451,liverpooljohnmooresuniversity,ljmu,利物浦约翰摩尔斯大学,利物浦约翰摩尔斯
0452,mansourauniversity,mu,曼苏拉大学,曼苏拉
0453,middlesexuniversity,mu,米德塞斯大学,米德塞斯
0454,"universityofmilan,bicocca",uomb,米兰比可卡大学,米兰比可卡
0455,"universityofmissouri,columbia",uomc,密苏里大学,密苏里
0456,"universityofmissouri,stlouis",uomsl,密苏里大学圣路易斯分校,密苏里圣路易斯分校
0457,universityofmodenaandreggioemilia,uomare,艾米利亚大学,艾米利亚
0458,murdochuniversity,mu,默多克大学,默多克
0459,nationalresearchnuclearuniversitymephi,nrnum,莫斯科核子研究大学,莫斯科核子研究
0460,"universityofnebraska,lincoln",uonl,内布拉斯加大学林肯分校,内布拉斯加林肯分校
0461,newmexicoinstituteofminingandtechnology,nmiomat,新墨西哥矿业技术学院,新墨西哥矿业技术
0462,norwegianuniversityofscienceandtechnology,nuosat,挪威科技大学,挪威科技
0463,oklahomastateuniversity,osu,俄克拉荷马州立大学,俄克拉荷马州立
0464,universityofpavia,uop,帕维亚大学,帕维亚
0465,universityofperadeniya,uop,佩拉德尼亚大学,佩拉德尼亚
0466,universityofthephilippines,uotp,菲律宾大学,菲律宾
0467,polytechnicuniversityofbari,puob,巴里理工大学,巴里理工
0468,pontificaljaverianauniversity,pju,杰斐逊大学,杰斐逊
0469,universityofporto,uop,波尔图大学,波尔图
0470,universityofportsmouth,uop,朴茨茅斯大学,朴茨茅斯
0471,qataruniversity,qu,卡塔尔大学,卡塔尔
0472,"quaid,i,azamuniversity",qiau,奎德阿萨姆大学,奎德阿萨姆
0473,rensselaerpolytechnicinstitute,rpi,伦斯勒理工学院,伦斯勒理工
0474,royalveterinarycollege,rvc,皇家兽医学院,皇家兽医
0475,sabancıuniversity,su,萨班哲大学,萨班哲
0476,universityofstgallen,uosg,圣加仑大学,圣加仑
0477,universityofsaskatchewan,uos,萨斯喀彻温大学,萨斯喀彻温
0478,sciencespo,sp,巴黎政治学院,巴黎政治
0479,sejonguniversity,su,世宗大学,世宗
0480,semmelweisuniversity,su,塞梅尔魏斯大学,塞梅尔魏斯
0481,universityofsiena,uos,锡耶纳大学,锡耶纳
0482,soasuniversityoflondon,suol,伦敦大学亚非学院,伦敦亚非
0483,"universityofsouthcarolina,columbia",uoscc,南卡罗来纳大学,南卡罗来纳
0484,universityofstrasbourg,uos,斯特拉斯堡大学,斯特拉斯堡
0485,universityofstrathclyde,uos,斯凯莱德大学,斯凯莱德
0486,technionisraelinstituteoftechnology,tiiot,以色列理工学院,以色列理工
0487,teikyouniversity,tu,帝京大学,帝京
0488,universityoftexasatsanantonio,uotasa,德克萨斯大学安东尼奥分校,德克萨斯安东尼奥分校
0489,tokyomedicalanddentaluniversity(tmdu),tmadu(,东京医科齿科大学,东京医科齿科
0490,tongjiuniversity,tu,同济大学,同济
0491,universityoftrieste,uot,的里雅斯特大学,的里雅斯特
0492,universityoftsukuba,uot,筑波大学,筑波
0493,universityoftulsa,uot,塔尔萨大学,塔尔萨
0494,universityofturin,uot,都灵大学,都灵
0495,uitthearcticuniversityofnorway,utauon,特罗姆瑟大学,特罗姆瑟
0496,universityofurbinocarlobo,uoucb,乌尔比诺大学,乌尔比诺
0497,universityofvalencia,uov,瓦伦西亚大学,瓦伦西亚
0498,veronauniversity,vu,维罗纳大学,维罗纳
0499,universityofvictoria,uov,维多利亚大学（加拿大）,维多利亚（加拿大）
0500,yasoujuniversity,yu,亚苏支大学,亚苏支
0501,yorkuniversity,yu,约克大学（加拿大）,约克（加拿大）
0502,universityofalabamainhuntsville,uoaih,阿拉巴马大学亨茨维尔分校,阿拉巴马亨茨维尔分校
0503,amirkabiruniversityoftechnology,auot,阿米喀布尔理工大学,阿米喀布尔理工
0504,universityofl’aquila,uol,拉奎拉大学,拉奎拉
0505,astonuniversity,au,阿斯顿大学,阿斯顿
0506,universidadautónomadechile,uadc,智利自治大学,智利自治
0507,"bar,ilanuniversity",biu,巴伊兰大学,巴伊兰
0508,beihanguniversity,bu,北京航空航天大学,北京航空航天
0509,bilkentuniversity,bu,毕尔坎特大学,毕尔坎特
0510,"binghamtonuniversity,stateuniversityofnewyork",busuony,纽约州立大学宾汉姆顿分校,纽约州立宾汉姆顿分校
0511,"universitébourgognefranche,comté(ubfc)",ubfc(,勃艮第大学,勃艮第
0512,universityofbrescia,uob,布雷西亚大学,布雷西亚
0513,universityofcampinas,uoc,坎皮纳斯大学,坎皮纳斯
0514,carletonuniversity,cu,卡尔顿大学,卡尔顿
0515,universityofcatania,uoc,卡塔尼亚大学,卡塔尼亚
0516,catholicuniversityofthesacredheart,cuotsh,圣心天主大学,圣心天主
0517,centralesupélec,CentraleSupélec,法国中央理工学院,法国中央理工
0518,charlesdarwinuniversity,cdu,查尔斯达尔文大学,查尔斯达尔文
0519,instituteofchemicaltechnology,ioct,印度化学技术研究所,印度化学技术研究所
0520,"chinamedicaluniversity,taiwan",cmut,中国医药大学,中国医药
0521,"chung,anguniversity",cau,韩国中央大学,韩国中央
0522,claudebernarduniversitylyon1,cbul1,里昂第一大学,里昂第一
0523,complutenseuniversityofmadrid,cuom,马德里康普斯顿大学,马德里康普斯顿
0524,eastchinanormaluniversity,ecnu,华东师范大学,华东师范
0525,floridainternationaluniversity,fiu,佛罗里达国际大学,佛罗里达国际
0526,universityofgraz,uog,格拉茨大学,格拉茨
0527,grazuniversityoftechnology,guot,格拉茨工业大学,格拉茨工业
0528,universityofgreifswald,uog,格赖夫斯瓦尔德大学,格赖夫斯瓦尔德
0529,universityofguelph,uog,贵湖大学,贵湖
0530,hacettepeuniversity,hu,哈斯特帕大学,哈斯特帕
0531,universityofhaifa,uoh,海法大学,海法
0532,hamburguniversityoftechnology,huot,汉堡工业大学,汉堡工业
0533,universityofhull,uoh,赫尔大学,赫尔
0534,universityofibadan,uoi,伊巴丹大学,伊巴丹
0535,universityofidaho,uoi,爱达荷大学,爱达荷
0536,indianinstituteoftechnologygandhinagar,iiotg,印度甘地那加理工学院,印度甘地那加理工
0537,indianinstituteoftechnologyroorkee,iiotr,印度理工学院鲁尔基分校,印度理工鲁尔基分校
0538,universityofinsubria,uoi,因苏比亚大学,因苏比亚
0539,universityofjyväskylä,uoj,于韦斯屈莱大学,于韦斯屈莱
0540,kansaimedicaluniversity,kmu,关西医科大学,关西医科
0541,universityofkashan,uok,卡尚大学,卡尚
0542,keeleuniversity,ku,基尔大学,基尔
0543,kingfahduniversityofpetroleumandminerals,kfuopam,法赫德国王石油与矿产大学,法赫德国王石油与矿产
0544,kingsauduniversity,ksu,沙特国王大学,沙特国王
0545,kingsaudbinabdulazizuniversityforhealthsciences,ksbaufhs,阿卜杜勒国王健康科学大学,阿卜杜勒国王健康科学
0546,koçuniversity,ku,科奇大学,科奇
0547,"lappeenranta,lahtiuniversityoftechnologylut",lluotl,拉彭兰塔理工大学,拉彭兰塔理工
0548,universityoflimerick,uol,利默里克大学,利默里克
0549,lincolnuniversity,lu,林肯大学,林肯
0550,universityoflisbon,uol,里斯本大学,里斯本
0551,louisianastateuniversity,lsu,路易斯安那州立大学,路易斯安那州立
0552,marchepolytechnicuniversity,mpu,马尔凯理工大学,马尔凯理工
0553,mashhaduniversityofmedicalsciences,muoms,马什哈德医科大学,马什哈德医科
0554,masseyuniversity,mu,梅西大学,梅西
0555,memorialuniversityofnewfoundland,muon,纽芬兰纪念大学,纽芬兰纪念
0556,missouriuniversityofscienceandtechnology,muosat,密苏里科技大学,密苏里科技
0557,nationalandkapodistrianuniversityofathens,nakuoa,雅典大学,雅典
0558,nationalchiaotunguniversity,nctu,国立交通大学,国立交通
0559,nationaltaiwanuniversityofscienceandtechnology(taiwantech),ntuosat(t,国立台湾科技大学,国立台湾科技
0560,"nationalyang,minguniversity",nymu,国立阳明大学,国立阳明
0561,universityofnebraskamedicalcenter,uonmc,内布拉斯加大学医学中心,内布拉斯加医学中心
0562,universityofneuchâtel,uon,纳沙泰尔大学,纳沙泰尔
0563,newjerseyinstituteoftechnology,njiot,新泽西理工学院,新泽西理工
0564,northernarizonauniversity,nau,北亚利桑那大学,北亚利桑那
0565,"north,westuniversity",nwu,西北大学（南非）,西北（南非）
0566,norwegianuniversityoflifesciences,nuols,挪威生命科学大学,挪威生命科学
0567,novosibirskstateuniversity,nsu,新西伯利亚国立大学,新西伯利亚国立
0568,theopenuniversity,tou,开放大学,开放
0569,openuniversityofcatalonia,ouoc,加泰罗尼亚开放大学,加泰罗尼亚开放
0570,universidadperuanacayetanoheredia,upch,卡耶塔诺埃雷迪亚大学,卡耶塔诺埃雷迪亚
0571,peterthegreatstpetersburgpolytechnicuniversity,ptgsppu,圣彼得堡理工大学,圣彼得堡理工
0572,universityofplymouth,uop,普利茅斯大学,普利茅斯
0573,polytechnicuniversityofturin,puot,都灵理工大学,都灵理工
0574,pontificalcatholicuniversityofchile,pcuoc,智利天主大学,智利天主
0575,renminuniversityofchina,ruoc,中国人民大学,中国人民
0576,universityofrhodeisland,uori,罗德岛大学,罗德岛
0577,universityofromeii–torvergata,uori–tv,罗马第二大学,罗马第二
0578,universityofromeiii,uori,罗马第三大学,罗马第三
0579,universityofroviraivirgili,uoriv,罗维拉大学,罗维拉
0580,sandiegostateuniversity,sdsu,圣地亚哥州立大学,圣地亚哥州立
0581,sharifuniversityoftechnology,suot,沙里夫理工大学,沙里夫理工
0582,shenzhenuniversity,su,深圳大学,深圳
0583,universityofsiegen,uos,锡根大学,锡根
0584,soochowuniversity,su,苏州大学,苏州
0585,southchinauniversityoftechnology,scuot,华南理工大学,华南理工
0586,southeastuniversity,su,东南大学,东南
0587,suezcanaluniversity,scu,苏伊士运河大学,苏伊士运河
0588,tehranuniversityofmedicalsciences,tuoms,德黑兰医科大学,德黑兰医科
0589,tianjinuniversity,tu,天津大学,天津
0590,tomskstateuniversity,tsu,托木斯克国立大学,托木斯克国立
0591,universititunkuabdulrahman(utar),utar(,东姑阿都拉曼大学,东姑阿都拉曼
0592,universityofudine,uou,乌迪内大学,乌迪内
0593,victoriauniversityofwellington,vuow,惠灵顿维多利亚大学,惠灵顿维多利亚
0594,universityofwaikato,uow,怀卡托大学,怀卡托
0595,theuniversityofthewestindies,tuotwi,西印第安大学系统,西印第安系统
0596,universityofthewestofscotland,uotwos,西苏格兰大学,西苏格兰
0597,"universityofwisconsin,milwaukee",uowm,威斯康辛大学密尔沃基分校,威斯康辛密尔沃基分校
0598,universityofwuppertal,uow,伍珀塔尔大学,伍珀塔尔
0599,xiamenuniversity,xu,厦门大学,厦门
0600,xi’anjiaotonguniversity,xju,西安交通大学,西安交通
0601,yokohamacityuniversity,ycu,横滨市立大学,横滨市立
0602,åboakademiuniversity,åau,埃博学术大学,埃博学术
0603,theuniversityofaizu,tuoa,会津大学,会津
0604,universityofalcalá,uoa,阿尔卡拉大学,阿尔卡拉
0605,amedeoavogadrouniversityofeasternpiedmont,aauoep,阿莫迪欧·阿伏加德罗东皮埃蒙特大学,阿莫迪欧·阿伏加德罗东皮埃蒙特
0606,amritavishwavidyapeetham,avv,甘露大学,甘露
0607,"universityoftheandes,colombia",uotac,安第斯大学,安第斯
0608,aristotleuniversityofthessaloniki,auot,亚里士多德大学,亚里士多德
0609,universityofarkansas,uoa,阿肯色大学,阿肯色
0610,auburnuniversity,au,奥本大学,奥本
0611,universityofaveiro,uoa,阿威罗大学,阿威罗
0612,universityofthebalearicislands,uotbi,巴利阿里大学,巴利阿里
0613,banarashinduuniversity,bhu,贝拿勒斯印度教大学,贝拿勒斯印度教
0614,universityofthebasquecountry,uotbc,巴斯克大学,巴斯克
0615,bayloruniversity,bu,贝勒大学,贝勒
0616,beijinginstituteoftechnology,biot,北京理工大学,北京理工
0617,universityofbeirainterior,uobi,贝拉内大学,贝拉内
0618,"beni,suefuniversity",bsu,贝尼索夫大学,贝尼索夫
0619,universityofbergamo,uob,贝加莫大学,贝加莫
0620,boğaziçiuniversity,bu,海峡大学,海峡
0621,universityofbrighton,uob,布莱顿大学,布莱顿
0622,ca’foscariuniversityofvenice,cfuov,威尼斯大学,威尼斯
0623,cairouniversity,cu,开罗大学,开罗
0624,universityofcalabria,uoc,卡拉布里亚大学,卡拉布里亚
0625,universityofcentralflorida,uocf,中佛罗里达大学,中佛罗里达
0626,centralqueenslanduniversity,cqu,中央昆士兰大学,中央昆士兰
0627,chemnitzuniversityoftechnology,cuot,开姆尼茨工业大学,开姆尼茨工业
0628,chinaagriculturaluniversity,cau,中国农业大学,中国农业
0629,"chinauniversityofpetroleum,beijing",cuopb,中国石油大学（北京）,中国石油（北京）
0630,clemsonuniversity,cu,克莱蒙森大学,克莱蒙森
0631,universityofclermontauvergne,uoca,科尔蒙特大学,科尔蒙特
0632,universityofcoimbra,uoc,科英布拉大学,科英布拉
0633,comsatsuniversityislamabad,cui,伊斯兰堡通信卫星大学,伊斯兰堡通信卫星
0634,concordiauniversity,cu,康考迪亚大学,康考迪亚
0635,universityofcostarica,uocr,哥斯达黎加大学,哥斯达黎加
0636,coventryuniversity,cu,考文垂大学,考文垂
0637,creightonuniversity,cu,克雷顿大学,克雷顿
0638,dalianuniversityoftechnology,duot,大连理工大学,大连理工
0639,universityofdelhi,uod,德里大学,德里
0640,demontfortuniversity,dmu,德蒙福特大学,德蒙福特
0641,dublincityuniversity,dcu,都柏林城市大学,都柏林城市
0642,eastchinauniversityofscienceandtechnology,ecuosat,华东理工大学,华东理工
0643,écolecentraledelyon,écdl,巴黎中央理工学院,巴黎中央理工
0644,"écolenormalesupérieureparis,saclay",énsps,巴黎萨克雷高等师范学院,巴黎萨克雷高等师范
0645,universityofelectronicscienceandtechnologyofchina,uoesatoc,电子科技大学,电子科技
0646,eötvösloránduniversity,elu,匈牙利罗兰大学,匈牙利罗兰
0647,ewhawomansuniversity,ewu,梨花女子大学,梨花女子
0648,federaluniversityofminasgerais,fuomg,米纳斯吉拉斯联邦大学,米纳斯吉拉斯联邦
0649,federaluniversityofriograndedosul,fuorgds,南里奥格兰德联邦大学,南里奥格兰德联邦
0650,federaluniversityofsantacatarina,fuosc,圣卡塔琳娜联邦大学,圣卡塔琳娜联邦
0651,federaluniversityofsãopaulo(unifesp),fuosp(,圣保罗联邦大学,圣保罗联邦
0652,ferhatabbassétifuniversity1,fasu1,费尔哈特·阿巴斯塞提夫大学,费尔哈特·阿巴斯塞提夫
0653,universityofgirona,uog,赫罗纳大学,赫罗纳
0654,glasgowcaledonianuniversity,gcu,格拉斯哥卡利多尼亚大学,格拉斯哥卡利多尼亚
0655,universityofgranada,uog,格拉纳达大学,格拉纳达
0656,universityofgreenwich,uog,格林威治大学,格林威治
0657,universityofhertfordshire,uoh,赫特福德大学,赫特福德
0658,hiroshimauniversity,hu,广岛大学,广岛
0659,huazhongagriculturaluniversity,hau,华中农业大学,华中农业
0660,universityofhuddersfield,uoh,哈德斯菲尔德大学,哈德斯菲尔德
0661,idcherzliya,ih,以色列赫兹利亚跨学科研究中心,以色列赫兹利亚跨学科研究中心
0662,imamkhomeiniinternationaluniversity,ikiu,霍梅尼国际大学,霍梅尼国际
0663,"indianinstituteofscienceeducationandresearch,pune",iiosearp,印度科学教育研究所浦那分校,印度科学教育研究所浦那分校
0664,indianinstituteoftechnologybhubaneswar,iiotb,印度理工学院布巴内斯瓦尔分校,印度理工布巴内斯瓦尔分校
0665,indianinstituteoftechnologyguwahati,iiotg,印度理工学院古瓦哈提分校,印度理工古瓦哈提分校
0666,indianinstituteoftechnologyhyderabad,iioth,印度理工学院海德拉巴分校,印度理工海德拉巴分校
0667,indianinstituteoftechnologykanpur,iiotk,印度理工学院坎普尔分校,印度理工坎普尔分校
0668,indianinstituteoftechnologymadras,iiotm,印度理工学院马德拉斯分校,印度理工马德拉斯分校
0669,universityofindonesia,uoi,印度尼西亚大学,印度尼西亚
0670,universityofinternationalbusinessandeconomics,uoibae,对外经济贸易大学,对外经济贸易
0671,universityofioannina,uoi,约阿尼纳大学,约阿尼纳
0672,iranuniversityofmedicalsciences,iuoms,伊朗医科大学,伊朗医科
0673,iranuniversityofscienceandtechnology,iuosat,伊朗科技大学,伊朗科技
0674,"iscte,universityinstituteoflisbon",iuiol,里斯本大学高级商务与劳动科学研究所,里斯本高级商务与劳动科学研究所
0675,isfahanuniversityoftechnology,iuot,伊斯法罕理工大学,伊斯法罕理工
0676,istanbultechnicaluniversity,itu,伊斯坦布尔理工大学,伊斯坦布尔理工
0677,jagiellonianuniversity,ju,雅盖隆大学,雅盖隆
0678,jamiamilliaislamia,jmi,国立伊斯兰大学,国立伊斯兰
0679,jaumeiuniversity,jiu,海梅一世大学,海梅一世
0680,jawaharlalnehruuniversity,jnu,尼赫鲁大学,尼赫鲁
0681,jiangsunormaluniversity,jnu,江苏师范大学,江苏师范
0682,jikeiuniversityschoolofmedicine,jusom,東京慈恵会医科大学,東京慈恵会医科
0683,universityofjohannesburg,uoj,约翰内斯堡大学,约翰内斯堡
0684,johanneskepleruniversityoflinz,jkuol,林茨大学,林茨
0685,kafrelsheikhuniversity,ku,谢赫大学,谢赫
0686,universityofkaiserslautern,uok,凯泽斯劳滕工业大学,凯泽斯劳滕工业
0687,kansasstateuniversity,ksu,堪萨斯州立大学,堪萨斯州立
0688,kazanfederaluniversity,kfu,喀山联邦大学,喀山联邦
0689,universitikebangsaanmalaysia,ukm,马来西亚国民大学,马来西亚国民
0690,keiouniversity,ku,庆应义塾大学,庆应义塾
0691,kentstateuniversity,ksu,肯特州立大学,肯特州立
0692,kindaiuniversity,ku,近畿大学,近畿
0693,kingkhaliduniversity,kku,哈立德国王大学,哈立德国王
0694,kobeuniversity,ku,神户大学,神户
0695,konkukuniversity,ku,建国大学,建国
0696,kurumeuniversity,ku,久留米大学,久留米
0697,lakeheaduniversity,lu,湖首大学,湖首
0698,universityoflalaguna,uoll,拉古纳大学,拉古纳
0699,lehighuniversity,lu,里海大学,里海
0700,universityofleoben,uol,莱奥本大学,莱奥本
0701,universityoflille,uol,里尔大学,里尔
0702,universityoflincoln,uol,林肯大学（英国）,林肯（英国）
0703,universityofljubljana,uol,卢布尔雅那大学,卢布尔雅那
0704,universityoflleida,uol,莱里达大学,莱里达
0705,universityoflorraine,uol,洛林大学,洛林
0706,"lumièreuniversity,lyon2",lul2,里昂第二大学,里昂第二
0707,maefahluanguniversity,mflu,泰国太后大学,泰国太后
0708,mahidoluniversity,mu,玛希隆大学,玛希隆
0709,makerereuniversity,mu,麦克雷雷大学,麦克雷雷
0710,universitimalaysiaperlis,ump,马来西亚玻璃市大学,马来西亚玻璃市
0711,universityofmalta,uom,马耳他大学,马耳他
0712,manchestermetropolitanuniversity,mmu,曼彻斯特都会大学,曼彻斯特都会
0713,"universityofmaryland,baltimorecounty",uombc,马里兰大学巴尔的摩郡分校,马里兰巴尔的摩郡分校
0714,masarykuniversity,mu,马萨里克大学,马萨里克
0715,metropolitanautonomousuniversity,mau,墨西哥自治都会大学,墨西哥自治都会
0716,middleeasttechnicaluniversity,metu,中东理工大学,中东理工
0717,miguelhernándezuniversityofelche,mhuoe,埃尔南德斯大学,埃尔南德斯
0718,universityofminho,uom,米尼奥大学,米尼奥
0719,montanastateuniversity,msu,蒙大拿州立大学,蒙大拿州立
0720,monterreyinstituteoftechnology,miot,蒙特雷理工学院,蒙特雷理工
0721,nanjinguniversityofinformationscienceandtechnology,nuoisat,南京信息工程大学,南京信息工程
0722,nanjingmedicaluniversity,nmu,南京医科大学,南京医科
0723,nanjingnormaluniversity,nnu,南京师范大学,南京师范
0724,universityofnantes,uon,南特大学,南特
0725,nationalautonomousuniversityofmexico,nauom,墨西哥国立自治大学,墨西哥国立自治
0726,nationalchengkunguniversity(ncku),ncku(,国立成功大学,国立成功
0727,nationalinstituteofappliedsciencesoflyon(insalyon),nioasol(l,里昂应用科学学院,里昂应用科学
0728,nationaluniversityofscienceandtechnology(misis),nuosat(,俄罗斯国立科技大学,俄罗斯国立科技
0729,nationaltaiwannormaluniversity,ntnu,国立台湾师范大学,国立台湾师范
0730,nationaltechnicaluniversityofathens,ntuoa,雅典国立科技大学,雅典国立科技
0731,"universityofnevada,lasvegas",uonlv,内华达大学拉斯维加斯分校,内华达拉斯维加斯分校
0732,newmexicostateuniversity(maincampus),nmsu(c,新墨西哥州立大学,新墨西哥州立
0733,nipponmedicalschool,nms,日本医科大学,日本医科
0734,universityofnorthcarolinaatgreensboro,uoncag,北卡罗来纳大学格林波若分校,北卡罗来纳格林波若分校
0735,northwesternpolytechnicaluniversity,npu,西北工业大学,西北工业
0736,nottinghamtrentuniversity,ntu,诺丁汉特伦特大学,诺丁汉特伦特
0737,novauniversityoflisbon,nuol,新葡京大学,新葡京
0738,ohiouniversity(maincampus),ou(c,俄亥俄大学,俄亥俄
0739,olddominionuniversity,odu,欧道明大学,欧道明
0740,universityofoviedo,uoo,奥维多大学,奥维多
0741,oxfordbrookesuniversity,obu,牛津布鲁克斯大学,牛津布鲁克斯
0742,palackýuniversityolomouc,puo,帕拉茨基大学,帕拉茨基
0743,universityofpalermo,uop,巴勒摩大学,巴勒摩
0744,panjabuniversity,pu,旁遮普大学（印度）,旁遮普（印度）
0745,"panthéon,sorbonneuniversity–paris1",psu–p1,巴黎第一大学,巴黎第一
0746,universityofparma,uop,帕尔马大学,帕尔马
0747,polytechnicuniversityofcatalonia,puoc,加泰罗尼亚理工大学,加泰罗尼亚理工
0748,"pontificalcatholicuniversityofriodejaneiro(puc,rio)",pcuordj(r,里约热内卢天主大学,里约热内卢天主
0749,portlandstateuniversity,psu,波特兰州立大学,波特兰州立
0750,universityofpretoria,uop,比勒陀利亚大学,比勒陀利亚
0751,pusannationaluniversity,pnu,釜山国立大学,釜山国立
0752,universitiputramalaysia,upm,马来西亚博特拉大学,马来西亚博特拉
0753,universitéduquébec,udq,魁北克大学,魁北克
0754,universityofregina,uor,里贾纳大学,里贾纳
0755,universityofrennes1,uor1,雷恩第一大学,雷恩第一
0756,roskildeuniversity,ru,罗斯基勒大学,罗斯基勒
0757,ryersonuniversity,ru,瑞尔森大学,瑞尔森
0758,universitisainsmalaysia,usm,马来西亚理科大学,马来西亚理科
0759,saintpetersburgstateuniversity,spsu,圣彼得堡国立大学,圣彼得堡国立
0760,universityofsalamanca,uos,萨拉曼卡大学,萨拉曼卡
0761,universityofsalento,uos,萨兰托大学,萨兰托
0762,universityofsantiagodecompostela,uosdc,孔波斯特拉大学,孔波斯特拉
0763,universityofsassari,uos,萨萨里大学,萨萨里
0764,savitribaiphulepuneuniversity,sppu,浦那大学,浦那
0765,shahidbeheshtiuniversityofmedicalsciences,sbuoms,沙希德·贝赫什提医科大学,沙希德·贝赫什提医科
0766,shandonguniversity,su,山东大学,山东
0767,universityofsharjah,uos,沙迦大学,沙迦
0768,universitédesherbrooke,uds,舍布鲁克大学,舍布鲁克
0769,shirazuniversityoftechnology,suot,设拉子科技大学,设拉子科技
0770,sichuanuniversity,su,四川大学,四川
0771,sidimohamedbenabdellahuniversity,smbau,西迪·穆罕默德·本·阿卜杜勒大学,西迪·穆罕默德·本·阿卜杜勒
0772,universityofsouthdakota,uosd,南达科他大学,南达科他
0773,southerncrossuniversity,scu,南十字星大学,南十字星
0774,universityofsouthernqueensland,uosq,南昆士兰大学,南昆士兰
0775,universityofsplit,uos,斯普利特大学,斯普利特
0776,stevensinstituteoftechnology,siot,史蒂文斯理工学院,史蒂文斯理工
0777,universityofthesunshinecoast,uotsc,阳光海岸大学,阳光海岸
0778,universityoftabriz,uot,大不里士大学,大不里士
0779,tabrizuniversityofmedicalsciences,tuoms,大不里士医科大学,大不里士医科
0780,universityoftechnologyofcompiègne,uotoc,贡比涅技术大学,贡比涅技术
0781,universityoftehran,uot,德黑兰大学,德黑兰
0782,universititeknologimalaysia,utm,马来西亚理工大学,马来西亚理工
0783,universititeknologipetronas,utp,马来西亚石油大学,马来西亚石油
0784,universityoftexasatarlington,uotaa,德克萨斯大学阿灵顿分校,德克萨斯阿灵顿分校
0785,texastechuniversity,ttu,德州理工大学,德州理工
0786,thaparuniversity,tu,塔帕尔大学,塔帕尔
0787,universityofthessaly,uot,塞萨利大学,塞萨利
0788,tokyometropolitanuniversity,tmu,首都大学东京,首都东京
0789,universityoftoledo,uot,托莱多大学,托莱多
0790,tomskpolytechnicuniversity,tpu,托木斯克理工大学,托木斯克理工
0791,universityoftours,uot,图尔大学,图尔
0792,tubraunschweig,tb,布伦瑞克工业大学,布伦瑞克工业
0793,universityofulsan,uou,蔚山大学,蔚山
0794,ulsteruniversity,uu,阿尔斯特大学,阿尔斯特
0795,universityofwarsaw,uow,华沙大学,华沙
0796,wasedauniversity,wu,早稻田大学,早稻田
0797,universityofthewestofengland,uotwoe,西英格兰大学,西英格兰
0798,universityofthewesterncape,uotwc,西开普大学,西开普
0799,westernwashingtonuniversity,wwu,西华盛顿大学,西华盛顿
0800,universityofwestminster,uow,威斯敏斯特大学,威斯敏斯特
0801,westvirginiauniversity,wvu,西弗吉尼亚大学,西弗吉尼亚
0802,universityofwindsor,uow,温莎大学,温莎
0803,worcesterpolytechnicinstitute,wpi,伍斯特理工学院,伍斯特理工
0804,acharyanagarjunauniversity,anu,阿查里雅龙树大学,阿查里雅龙树
0805,universityofacoruña,uoac,拉科鲁尼亚大学,拉科鲁尼亚
0806,"adammickiewiczuniversity,poznań",amup,波兹南大学,波兹南
0807,universityoftheaegean,uota,爱琴海大学,爱琴海
0808,"universityofagriculture,faisalabad",uoaf,费萨拉巴德农业大学,费萨拉巴德农业
0809,aichimedicaluniversity,amu,爱知医科大学,爱知医科
0810,ainshamsuniversity,asu,艾因夏姆斯大学,艾因夏姆斯
0811,ajouuniversity,au,亚洲大学,亚洲
0812,"al,balqaapplieduniversity",abau,阿拜勒加应用大学,阿拜勒加应用
0813,universityofalgarve,uoa,阿尔加维大学,阿尔加维
0814,universityofalicante,uoa,阿里坎特大学,阿里坎特
0815,aligarhmuslimuniversity,amu,阿里格尔穆斯林大学,阿里格尔穆斯林
0816,americanuniversityincairo,auic,开罗美国大学,开罗美国
0817,americanuniversityofsharjah,auos,沙迦美国大学,沙迦美国
0818,"asiauniversity,taiwan",aut,台湾亚洲大学,台湾亚洲
0819,athensuniversityofeconomicsandbusiness,auoeab,雅典经商大学,雅典经商
0820,atılımuniversity,au,阿兹蒙大学,阿兹蒙
0821,"babeş,bolyaiuniversity",bbu,鲍耶大学,鲍耶
0822,universityofbaghdad,uob,巴格达大学,巴格达
0823,baumanmoscowstatetechnicaluniversity,bmstu,鲍曼大学,鲍曼
0824,universityofbedfordshire,uob,贝德福德郡大学,贝德福德郡
0825,beijingjiaotonguniversity,bju,北京交通大学,北京交通
0826,universityofbéjaïa,uob,贝贾亚大学,贝贾亚
0827,benhauniversity,bu,本哈大学,本哈
0828,birminghamcityuniversity,bcu,伯明翰城市大学,伯明翰城市
0829,universityofbradford,uob,布拉德福德大学,布拉德福德
0830,universityofbrasília,uob,巴西利亚大学,巴西利亚
0831,bucharestuniversityofeconomicstudies,buoes,布加勒斯特经济研究大学,布加勒斯特经济研究
0832,universityofcadiz,uoc,加迪斯大学,加迪斯
0833,capitalmedicaluniversity,cmu,首都医科大学,首都医科
0834,cardiffmetropolitanuniversity,cmu,卡迪夫城市大学,卡迪夫城市
0835,carlosiiiuniversityofmadrid,ciuom,马德里卡洛斯三世大学,马德里卡洛斯三世
0836,"universityofcastilla,lamancha",uoclm,拉曼查大学,拉曼查
0837,universityofcentrallancashire,uocl,中央兰开夏大学,中央兰开夏
0838,changgunguniversity,cgu,长庚大学,长庚
0839,chibauniversity,cu,千叶大学,千叶
0840,universityofchile,uoc,智利大学,智利
0841,"chinauniversityofgeosciences,beijing",cuogb,中国地质大学（北京）,中国地质（北京）
0842,"chinauniversityofgeosciences,wuhan",cuogw,中国地质大学（武汉）,中国地质（武汉）
0843,chinauniversityofminingandtechnology,cuomat,中国矿业大学,中国矿业
0844,chinapharmaceuticaluniversity,cpu,中国药科大学,中国药科
0845,chonbuknationaluniversity,cnu,全北国立大学,全北国立
0846,chongqinguniversity,cu,重庆大学,重庆
0847,chonnamnationaluniversity,cnu,全南国立大学,全南国立
0848,chulalongkornuniversity,cu,朱拉隆功大学,朱拉隆功
0849,universityofcórdoba,uoc,科尔多瓦大学,科尔多瓦
0850,czechtechnicaluniversityinprague,ctuip,布拉格工业大学,布拉格工业
0851,universityofdebrecen,uod,德布勒森大学,德布勒森
0852,universityofderby,uod,德比大学,德比
0853,universityofdeusto,uod,德乌斯托大学,德乌斯托
0854,easternmediterraneanuniversity,emu,东地中海大学,东地中海
0855,universityofeastlondon,uoel,东伦敦大学,东伦敦
0856,edinburghnapieruniversity,enu,龙比亚大学,龙比亚
0857,"embry,riddleaeronauticaluniversity",erau,安柏瑞德航空航天大学,安柏瑞德航空航天
0858,universityofévora,uoé,埃武拉大学,埃武拉
0859,federaluniversityofpelotas,fuop,佩勒塔斯联邦大学,佩勒塔斯联邦
0860,federaluniversityofriodejaneiro,fuordj,里约热内卢联邦大学,里约热内卢联邦
0861,federicosantamaríatechnicaluniversity,fsmtu,圣玛丽亚联邦理工大学,圣玛丽亚联邦理工
0862,ferdowsiuniversityofmashhad,fuom,马什哈德菲尔多西大学,马什哈德菲尔多西
0863,floridaatlanticuniversity,fau,佛罗里达大西洋大学,佛罗里达大西洋
0864,floridainstituteoftechnology,fiot,佛罗里达理工学院,佛罗里达理工
0865,universityoflafrontera,uolf,拉弗龙特拉大学,拉弗龙特拉
0866,fujencatholicuniversity,fjcu,辅仁大学,辅仁
0867,fuzhouuniversity,fu,福州大学,福州
0868,gdańskuniversityoftechnology,guot,格但斯克工业大学,格但斯克工业
0869,universityofghana,uog,加纳大学,加纳
0870,guangdonguniversityoftechnology,guot,广东工业大学,广东工业
0871,hamamatsuuniversityschoolofmedicine,husom,浜松医科大学,浜松医科
0872,hanoiuniversityofscienceandtechnology,huosat,河内科技大学,河内科技
0873,hyogocollegeofmedicine,hcom,兵库医科大学,兵库医科
0874,ilmenauuniversityoftechnology,iuot,伊尔默瑙工业大学,伊尔默瑙工业
0875,indianinstituteofscienceeducationandresearchkolkata,iioseark,印度科学教育与研究所加尔各答分校,印度科学教育与研究所加尔各答分校
0876,indianinstituteoftechnology(indianschoolofmines)dhanbad,iiot(somd,印度理工学院丹巴德分校,印度理工丹巴德分校
0877,indianinstituteoftechnologypatna,iiotp,印度理工学院巴特那分校,印度理工巴特那分校
0878,inhauniversity,iu,仁荷大学,仁荷
0879,"internationalislamicuniversity,islamabad",iiui,巴基斯坦国际伊斯兰大学,巴基斯坦国际伊斯兰
0880,universityofisfahan,uoi,伊斯法罕大学,伊斯法罕
0881,isfahanuniversityofmedicalsciences,iuoms,伊斯法罕医科大学,伊斯法罕医科
0882,istanbuluniversity,iu,伊斯坦布尔大学,伊斯坦布尔
0883,jadavpuruniversity,ju,贾达普大学,贾达普
0884,universityofjaén,uoj,哈恩大学,哈恩
0885,jiangsuuniversity,ju,江苏大学,江苏
0886,jilinuniversity,ju,吉林大学,吉林
0887,jinanuniversity,ju,暨南大学,暨南
0888,universityofjordan,uoj,约旦大学,约旦
0889,juntendouniversity,ju,顺天堂大学,顺天堂
0890,kanazawauniversity,ku,金泽大学,金泽
0891,kaohsiungmedicaluniversity,kmu,高雄医学大学,高雄医学
0892,karabükuniversity,ku,卡拉比克大学,卡拉比克
0893,karlstaduniversity,ku,卡尔斯塔德大学,卡尔斯塔德
0894,kingstonuniversity,ku,金斯顿大学,金斯顿
0895,k.n.toosiuniversityoftechnology,ktuot,图西理工大学,图西理工
0896,kumamotouniversity,ku,熊本大学,熊本
0897,universityofkurdistan,uok,库尔德斯坦大学,库尔德斯坦
0898,kuwaituniversity,ku,科威特大学,科威特
0899,kyotoprefecturaluniversityofmedicine,kpuom,京都府立医科大学,京都府立医科
0900,kyungpooknationaluniversity,knu,庆北国立大学,庆北国立
0901,universityoflagos,uol,拉各斯大学,拉各斯
0902,lahoreuniversityof management sciences,luo,拉合尔管理大学,拉合尔管理
0903,universityoflaspalmasdegrancanaria,uolpdgc,拉斯帕尔马斯大学,拉斯帕尔马斯
0904,universityoflatvia,uol,拉脱维亚大学,拉脱维亚
0905,lebaneseamericanuniversity,lau,黎巴嫩美国大学,黎巴嫩美国
0906,leedsbeckettuniversity,lbu,利兹贝克特大学,利兹贝克特
0907,louisianatechuniversity,ltu,路易斯安那理工大学,路易斯安那理工
0908,lvivpolytechnicnationaluniversity,lpnu,利沃夫国立理工大学,利沃夫国立理工
0909,universityofmalaga,uom,马拉加大学,马拉加
0910,universityofmaribor,uom,马里博尔大学,马里博尔
0911,marquetteuniversity,mu,马凯特大学,马凯特
0912,universityofmazandaran,uom,马赞达兰大学,马赞达兰
0913,mississippistateuniversity,msu,密西西比州立大学,密西西比州立
0914,universityofmurcia,uom,穆尔西亚大学,穆尔西亚
0915,muroraninstituteoftechnology,miot,室兰工业大学,室兰工业
0916,universityofnairobi,uon,内罗毕大学,内罗毕
0917,nanjingagriculturaluniversity,nau,南京农业大学,南京农业
0918,nanjingtechuniversity,ntu,南京工业大学,南京工业
0919,nationalcentraluniversity,ncu,国立中央大学,国立中央
0920,nationalchengchiuniversity,ncu,国立政治大学,国立政治
0921,nationaldonghwauniversity,ndhu,国立东华大学,国立东华
0922,nationalinstituteoftechnologyrourkela,niotr,国立理工学院洛尔克拉分校,国立理工洛尔克拉分校
0923,"saint,petersburgmininguniversity",spmu,圣彼得堡矿业大学,圣彼得堡矿业
0924,nationaluniversityofsciencesandtechnology,nuosat,伊斯兰堡国立科技大学,伊斯兰堡国立科技
0925,"nationalsunyat,senuniversity",nsysu,国立中山大学,国立中山
0926,nationaltaipeiuniversityoftechnology,ntuot,国立台北科技大学,国立台北科技
0927,"nationalinstituteoftechnology,tiruchirappalli",niott,国立理工学院特里奇分校,国立理工特里奇分校
0928,thenewschool,tns,新学校大学,新学校
0929,niigatauniversity,nu,新潟大学,新潟
0930,normandyuniversity,nu,诺曼底大学,诺曼底
0931,northeasternuniversity,nu,东北大学,东北
0932,northeastnormaluniversity,nnu,东北师范大学,东北师范
0933,universityofnorthernbritishcolumbia(unbc),uonbc(,北英属哥伦比亚大学,北英属哥伦比亚
0934,northwestuniversity,nu,西北大学（中国）,西北（中国）
0935,northwesta&funiversity,nau,西北农林科技大学,西北农林科技
0936,okayamauniversity,ou,冈山大学,冈山
0937,osakacityuniversity,ocu,大阪市立大学,大阪市立
0938,osmaniauniversity,ou,奥斯曼尼亚大学,奥斯曼尼亚
0939,pablodeolavideuniversity,pdou,巴勃罗大学,巴勃罗
0940,universityofpatras,uop,帕特雷大学,帕特雷
0941,universityofpécs,uop,佩奇大学,佩奇
0942,polytechnicinstituteofporto,piop,波尔图理工学院,波尔图理工
0943,polytechnicuniversityofvalencia,puov,瓦伦西亚理工大学,瓦伦西亚理工
0944,pondicherryuniversity,pu,本地治里大学,本地治里
0945,pontificalcatholicuniversityofperu,pcuop,秘鲁天主大学,秘鲁天主
0946,pontificalcatholicuniversityofriograndedosul(pucrs),pcuorgds(,南里奥格兰德天主大学,南里奥格兰德天主
0947,universityofpuertorico,uopr,波多黎各大学,波多黎各
0948,universityofthepunjab,uotp,旁遮普大学（巴基斯坦）,旁遮普（巴基斯坦）
0949,universityreyjuancarlos,urjc,胡安卡洛斯国王大学,胡安卡洛斯国王
0950,rikkyouniversity,ru,立教大学,立教
0951,rochesterinstituteoftechnology,riot,罗切斯特理工学院,罗切斯特理工
0952,universityofroehampton,uor,罗汉普敦大学,罗汉普敦
0953,rudnuniversity,ru,俄罗斯友谊大学,俄罗斯友谊
0954,"universitésaint,josephdebeyrouth",usjdb,黎巴嫩圣约瑟夫大学,黎巴嫩圣约瑟夫
0955,universityofsalford,uos,索尔福德大学,索尔福德
0956,sãopaulostateuniversity(unesp),spsu(,圣保罗州立大学,圣保罗州立
0957,sapporomedicaluniversity,smu,札幌医科大学,札幌医科
0958,universityofscienceandtechnologybeijing,uosatb,北京科技大学,北京科技
0959,universityofseoul,uos,首尔大学,首尔
0960,universityofseville,uos,塞维利亚大学,塞维利亚
0961,shahidbeheshtiuniversity,sbu,沙希德·贝赫什提大学,沙希德·贝赫什提
0962,shanghaiuniversity,su,上海大学,上海
0963,shanghaiuniversityof finance andeconomics(sufe),suoe(,上海财经大学,上海财经
0964,shanghaimaritimeuniversity,smu,上海海事大学,上海海事
0965,shantouuniversity,su,汕头大学,汕头
0966,sheffieldhallamuniversity,shu,谢菲尔德哈莱姆大学,谢菲尔德哈莱姆
0967,shirazuniversity,su,设拉子大学,设拉子
0968,soganguniversity,su,西江大学,西江
0969,universityofsouthbohemiainčeskébudějovice,uosbičb,捷克布杰约维采南波西米亚大学,捷克布杰约维采南波西米亚
0970,southwesternuniversityoffinanceandeconomics,suofae,西南财经大学,西南财经
0971,srivenkateswarauniversity,svu,西里温凯特瓦拉大学,西里温凯特瓦拉
0972,staffordshireuniversity,su,斯塔福德大学,斯塔福德
0973,stmariannauniversityschoolofmedicine,smusom,圣玛丽安娜医科大学,圣玛丽安娜医科
0974,sultanqaboosuniversity,squ,苏丹卡布斯大学,苏丹卡布斯
0975,universityofszeged,uos,塞格德大学,塞格德
0976,tallinnuniversity,tu,塔林大学,塔林
0977,tallinnuniversityoftechnology,tuot,塔林理工大学,塔林理工
0978,tantauniversity,tu,坦塔大学,坦塔
0979,technicaluniversityofmadrid,tuom,马德里理工大学,马德里理工
0980,technologicaluniversitydublin,tud,都柏林理工大学,都柏林理工
0981,teessideuniversity,tu,泰塞德大学,泰塞德
0982,universititenaganasional(uniten),utn(,马来西亚国家能源大学,马来西亚国家能源
0983,universityoftexasatelpaso,uotaep,德克萨斯大学埃尔帕索分校,德克萨斯埃尔帕索分校
0984,tezpuruniversity,tu,提斯浦尔大学,提斯浦尔
0985,tokyouniversityofagricultureandtechnology,tuoaat,东京农工大学,东京农工
0986,tokyomedicaluniversity,tmu,东京医科大学,东京医科
0987,tokyouniversityofscience,tuos,东京理科大学,东京理科
0988,"universityoftrás,os,montesandaltodouro",uotomaad,杜罗大学,杜罗
0989,tshwaneuniversityoftechnology,tuot,茨瓦理工大学,茨瓦理工
0990,universitiutaramalaysia,uum,马来西亚北方大学,马来西亚北方
0991,"vietnamnationaluniversity,hanoi",vnuh,河内国立大学,河内国立
0992,universityofvigo,uov,维戈大学,维戈
0993,vilniusuniversity,vu,维尔纽斯大学,维尔纽斯
0994,vituniversity,vu,韦洛尔理工大学,韦洛尔理工
0995,universityofwolverhampton,uow,沃尔夫汉普顿大学,沃尔夫汉普顿
0996,wuhanuniversityoftechnology,wuot,武汉理工大学,武汉理工
0997,xiangtanuniversity,xu,湘潭大学,湘潭
0998,xidianuniversity,xu,西安电子科技大学,西安电子科技
0999,yangzhouuniversity,yu,扬州大学,扬州
1000,yeungnamuniversity,yu,韩国岭南大学,韩国岭南
1001,universityofzaragoza,uoz,萨拉戈萨大学,萨拉戈萨
1002,acıbademuniversity,au,阿吉巴登大学,阿吉巴登
1003,aghuniversityofscienceandtechnology,auosat,波兰矿冶大学,波兰矿冶
1004,akdenizuniversity,au,阿克登尼基大学,阿克登尼基
1005,akitauniversity,au,秋田大学,秋田
1006,"al,azharuniversity",aau,艾资哈尔大学,艾资哈尔
1007,alexandriauniversity,au,亚历山大大学,亚历山大
1008,alexandruioancuzauniversity,aicu,库扎大学,库扎
1009,"al,farabikazakhnationaluniversity",afknu,国立哈萨克大学,国立哈萨克
1010,universityofalmería,uoa,阿尔梅里亚大学,阿尔梅里亚
1011,alzahrauniversity,au,阿尔扎赫拉大学,阿尔扎赫拉
1012,amityuniversity,au,爱德大学,爱德
1013,anadoluuniversity,au,阿纳多卢大学,阿纳多卢
1014,"universityoftheandes,chile",uotac,智利安第斯大学,智利安第斯
1015,"universityoftheandes,venezuela",uotav,安第斯大学,安第斯
1016,andhrauniversity,au,安得拉大学,安得拉
1017,andrésbellouniversity(unab),abu(,安德烈斯贝洛大学,安德烈斯贝洛
1018,ankarauniversity,au,安卡拉大学,安卡拉
1019,annauniversity,au,安娜大学,安娜
1020,annamalaiuniversity,au,安那马来大学,安那马来
1021,universityofantioquia,uoa,安蒂奥基亚大学,安蒂奥基亚
1022,aoyamagakuinuniversity,agu,青山学院大学,青山
1023,assiutuniversity,au,艾斯尤特大学,艾斯尤特
1024,australuniversityofchile,auoc,智利奥斯特拉尔大学,智利奥斯特拉尔
1025,autonomousuniversityofbajacalifornia,auobc,下加利福尼亚自治大学,下加利福尼亚自治
1026,autonomousuniversityofhidalgostate(uaeh),auohs(,伊达尔戈州立大学,伊达尔戈州立
1027,autonomousuniversityofnuevoleón,auonl,新莱昂自治大学,新莱昂自治
1028,autonomousuniversityofpuebla,auop,普埃布拉自治大学,普埃布拉自治
1029,autonomousuniversityofquerétaro,auoq,克雷塔罗自治大学,克雷塔罗自治
1030,autonomousuniversityofsanluispotosi,auoslp,圣路易斯波托西自治大学,圣路易斯波托西自治
1031,autonomousuniversityofsinaloa,auos,锡那罗亚自治大学,锡那罗亚自治
1032,autonomousuniversityofthestateofmexico,auotsom,墨西哥州立自治大学,墨西哥州立自治
1033,autonomousuniversityofyucatán,auoy,尤卡坦自治大学,尤卡坦自治
1034,azarbaijanshahidmadaniuniversity,asmu,阿扎拜疆沙希德马达尼大学,阿扎拜疆沙希德马达尼
1035,bahauddinzakariyauniversity,bzu,巴哈丁拉齐大学,巴哈丁拉齐
1036,bahçeşehiruniversity,bu,巴沙耶尔大学,巴沙耶尔
1037,banasthaliuniversity,bu,巴纳斯达里大学,巴纳斯达里
1038,bandunginstituteoftechnology(itb),biot(,万隆理工学院,万隆理工
1039,bashkirstateuniversity,bsu,巴什基尔州立大学,巴什基尔州立
1040,başkentuniversity,bu,巴斯肯特大学,巴斯肯特
1041,belarusianstateuniversity,bsu,白俄罗斯国立大学,白俄罗斯国立
1042,belgorodstatenationalresearchuniversity,bsnru,别尔哥罗德州立国立研究大学,别尔哥罗德州立国立研究
1043,"universityofbío,bío",uobb,比奥比奥大学,比奥比奥
1044,universityofbirjand,uob,比尔詹德大学,比尔詹德
1045,"birlainstituteoftechnologyandscience,pilani",biotasp,比尔拉科学技术学院,比尔拉科学技术
1046,universityofbiskra,uob,比斯克拉大学,比斯克拉
1047,bogoragriculturaluniversity,bau,茂物农业大学,茂物农业
1048,universityofbrawijaya,uob,宝拉维加亚大学,宝拉维加亚
1049,brnouniversityoftechnology,buot,布尔诺工业大学,布尔诺工业
1050,"bu,alisinauniversity",basu,布-阿里大学(哈马丹),布-阿里(哈马丹)
1051,universityofbucharest,uob,布加勒斯特大学,布加勒斯特
1052,budapestuniversityoftechnologyandeconomics,buotae,布达佩斯经济技术大学,布达佩斯经济技术
1053,universityofburgos,uob,布尔戈斯大学,布尔戈斯
1054,"californiastateuniversity,longbeach",csulb,加州州立大学长滩分校,加州州立长滩分校
1055,canterburychristchurchuniversity,cccu,坎特伯雷大学（英国）,坎特伯雷（英国）
1056,polytechnicuniversityofcartagena,puoc,卡塔赫纳理工大学,卡塔赫纳理工
1057,universityofcarthage,uoc,迦太基大学,迦太基
1058,catholicuniversityofthenorth,cuotn,北天主教大学,北天主教
1059,universityofcaxiasdosul,uocds,南卡希亚斯大学,南卡希亚斯
1060,cearástateuniversity,csu,塞阿拉州立大学,塞阿拉州立
1061,"universityofcergy,pontoise",uocp,塞吉-蓬图瓦兹大学,塞吉-蓬图瓦兹
1062,chaoyanguniversityoftechnology,cuot,朝阳科技大学,朝阳科技
1063,"universityof chemistry andtechnology,prague",uotp,布拉格化工大学,布拉格化工
1064,universityofchester,uoc,切斯特大学,切斯特
1065,chiangmaiuniversity,cmu,清迈大学,清迈
1066,chibainstituteoftechnology,ciot,千叶工业大学,千叶工业
1067,chubuuniversity,cu,中部大学,中部
1068,chungnamnationaluniversity,cnu,忠南国立大学,忠南国立
1069,chungyuanchristianuniversity,cycu,中原大学,中原
1070,chuouniversity,cu,中央大学,中央
1071,cochinuniversityofscienceandtechnology,cuosat,科钦科技大学,科钦科技
1072,universityofcolombo,uoc,科伦坡大学,科伦坡
1073,comeniusuniversityinbratislava,cuib,夸美纽斯大学,夸美纽斯
1074,universityofconcepción,uoc,康塞普西翁大学,康塞普西翁
1075,universityofconstantine1,uoc1,康斯坦丁大学,康斯坦丁
1076,corvinusuniversityofbudapest,cuob,布达佩斯大学,布达佩斯
1077,cukurovauniversity,cu,切库罗瓦大学,切库罗瓦
1078,czechuniversityoflifesciencesprague(culs),cuolsp(,捷克布拉格生命科学大学,捷克布拉格生命科学
1079,universityofdaressalaam,uodes,达累斯萨拉姆大学,达累斯萨拉姆
1080,delasalleuniversity,dlsu,德拉萨大学,德拉萨
1081,delhitechnologicaluniversity,dtu,德里理工大学,德里理工
1082,delrosariouniversity,dru,罗萨里奥大学,罗萨里奥
1083,democritusuniversityofthrace,duot,色雷斯大学,色雷斯
1084,universityofdhaka,uod,达卡大学,达卡
1085,dokuzeylüluniversity,deu,杜库兹伊鲁尔大学,杜库兹伊鲁尔
1086,doshishauniversity,du,同志社大学,同志社
1087,"universityofeconomics,prague",uoep,布拉格经济大学,布拉格经济
1088,edgehilluniversity,ehu,边山大学,边山
1089,egeuniversity,eu,爱琴海大学（土耳其）,爱琴海（土耳其）
1090,ehimeuniversity,eu,爱媛大学,爱媛
1091,"theuniversityofelectro,communications",tuoec,电气通信大学,电气通信
1092,universityofengineering&technology(uet)lahore,uoe&t(l,拉合尔工程技术大学,拉合尔工程技术
1093,erciyesuniversity,eu,埃尔吉耶斯大学,埃尔吉耶斯
1094,fareasternfederaluniversity,fefu,远东联邦大学,远东联邦
1095,fayoumuniversity,fu,法尤姆大学,法尤姆
1096,federaluniversityofabc(ufabc),fuoa(,ABC联邦大学（UFABC）,ABC联邦（UFABC）
1097,federaluniversityofalagoas,fuoa,阿拉戈斯联邦大学,阿拉戈斯联邦
1098,federaluniversityofbahia,fuob,巴伊亚联邦大学,巴伊亚联邦
1099,federaluniversityofceará(ufc),fuoc(,塞亚尔联邦大学,塞亚尔联邦
1100,federaluniversityofespíritosanto,fuoes,圣埃斯皮里图联邦大学,圣埃斯皮里图联邦
1101,federaluniversityofgoiás,fuog,联邦戈亚大学,联邦戈亚
1102,federaluniversityofhealthsciencesofportoalegre(ufcspa),fuohsopa(,阿雷格里港联邦健康科学大学,阿雷格里港联邦健康科学
1103,federaluniversityofitajubá,fuoi,伊塔茹巴联邦大学,伊塔茹巴联邦
1104,federaluniversityoflavras,fuol,拉夫拉斯联邦大学,拉夫拉斯联邦
1105,federaluniversityofmatogrossodosul,fuomgds,南马托格罗索联邦大学,南马托格罗索联邦
1106,federaluniversityofouropreto,fuoop,欧鲁普雷图联邦大学,欧鲁普雷图联邦
1107,federaluniversityofpará,fuop,帕拉联邦大学,帕拉联邦
1108,federaluniversityofparaná(ufpr),fuop(,巴拉那联邦大学,巴拉那联邦
1109,federaluniversityofpernambuco,fuop,伯南布哥联邦大学,伯南布哥联邦
1110,federaluniversityofriograndedonorte(ufrn),fuorgdn(,北里约热内卢联邦大学,北里约热内卢联邦
1111,"federalruraluniversityofthesemi,aridregion",fruotsar,半干旱地区联邦农村大学,半干旱地区联邦农村
1112,federaluniversityofsantamaria,fuosm,圣玛丽亚联邦大学,圣玛丽亚联邦
1113,federaluniversityofsãocarlos,fuosc,圣卡洛斯联邦大学,圣卡洛斯联邦
1114,federaluniversityoftechnology–paraná,fuot–p,巴拉那联邦理工大学,巴拉那联邦理工
1115,federaluniversityofviçosa,fuov,维索萨联邦大学,维索萨联邦
1116,fengchiauniversity,fcu,逢甲大学,逢甲
1117,fluminensefederaluniversity,ffu,弗鲁米嫩塞联邦大学,弗鲁米嫩塞联邦
1118,universityoffortaleza(unifor),uof(,福塔雷萨大学,福塔雷萨
1119,universityoffukui,uof,福井大学,福井
1120,universitasgadjahmada,ugm,加札马达大学,加札马达
1121,gaziuniversity,gu,咖兹大学,咖兹
1122,gaziantepuniversity,gu,加济安泰普大学,加济安泰普
1123,universityofgdańsk,uog,格但斯克大学,格但斯克
1124,gebzetechnicaluniversity,gtu,格布泽技术大学,格布泽技术
1125,gifuuniversity,gu,岐阜大学,岐阜
1126,gitamuniversity,gu,吉田大学,吉田
1127,governmentcollegeuniversitylahore,gcul,拉合尔政府大学,拉合尔政府
1128,grigoret.popauniversityofmedicineand pharmacy,gtpuoma,波帕医学药学大学,波帕医学药学
1129,universityofguadalajara,uog,瓜达拉哈拉大学,瓜达拉哈拉
1130,universityofguanajuato,uog,瓜纳华托大学,瓜纳华托
1131,guangxiuniversity,gu,广西大学,广西
1132,gubkinrussianstateuniversityofoilandgas,grsuooag,古布金俄罗斯国立石油大学,古布金俄罗斯国立石油
1133,universityofguilan,uog,圭兰大学,圭兰
1134,gunmauniversity,gu,群马大学,群马
1135,hallymuniversity,hu,翰林大学,翰林
1136,hashemiteuniversity,hu,哈希姆大学,哈希姆
1137,universitéhassaniidecasablanca,uhidc,哈桑二世卡萨布兰卡大学,哈桑二世卡萨布兰卡
1138,universityofhavana,uoh,哈瓦那大学,哈瓦那
1139,helwanuniversity,hu,赫勒万大学,赫勒万
1140,hoseiuniversity,hu,法政大学,法政
1141,universityofhradeckrálové,uohk,赫拉德茨克拉洛夫大学,赫拉德茨克拉洛夫
1142,huaqiaouniversity,hu,华侨大学,华侨
1143,universityofhyogo,uoh,兵库大学,兵库
1144,ibarakiuniversity,iu,茨城大学,茨城
1145,imamabdulrahmanbinfaisaluniversity,iabfu,阿卜杜勒拉曼费萨尔大学,阿卜杜勒拉曼费萨尔
1146,incheonnationaluniversity,inu,仁川国立大学,仁川国立
1147,industrialuniversityofsantander(uis),iuos(,桑坦德工业大学（UIS）,桑坦德工业（UIS）
1148,"i,shouuniversity",isu,义守大学,义守
1149,istanbulmedipoluniversity,imu,伊斯坦布尔医科大学,伊斯坦布尔医科
1150,ivanejavakhishvilitbilisistateuniversity,ijtsu,第比利斯国立大学,第比利斯国立
1151,ivanfrankonationaluniversityoflviv,ifnuol,利沃夫国立大学,利沃夫国立
1152,iwateuniversity,iu,岩手大学,岩手
1153,izmirinstituteoftechnology,iiot,伊兹密尔理工学院,伊兹密尔理工
1154,kagawauniversity,ku,香川大学,香川
1155,kagoshimauniversity,ku,鹿儿岛大学,鹿儿岛
1156,kanagawauniversity,ku,神奈川大学,神奈川
1157,kangwonnationaluniversity,knu,江原国立大学,江原国立
1158,kansaiuniversity,ku,关西大学,关西
1159,kasetsartuniversity,ku,泰国农业大学,泰国农业
1160,kaunasuniversityoftechnology,kuot,考纳斯工业大学,考纳斯工业
1161,kazannationalresearchtechnologicaluniversity,knrtu,喀山国立研究技术大学,喀山国立研究技术
1162,kharazmiuniversity,ku,哈拉兹米大学,哈拉兹米
1163,khonkaenuniversity,kku,孔敬大学,孔敬
1164,kiituniversity,ku,吉特大学,吉特
1165,kingmongkut’sinstituteoftechnologyladkrabang,kmiotl,拉卡邦先皇技术学院,拉卡邦先皇技术
1166,kingmongkut'suniversityoftechnologynorthbangkok,kmuotnb,北曼谷国王大学,北曼谷国王
1167,kingmongkut’suniversityoftechnologythonburi,kmuott,吞武里大学,吞武里
1168,kitasatouniversity,ku,北里大学,北里
1169,kochiuniversity,ku,高知大学,高知
1170,kogakuinuniversity,ku,工学院大学,工
1171,kookminuniversity,ku,国民大学,国民
1172,kwanseigakuinuniversity,kgu,关西学院大学,关西
1173,kyotoinstituteoftechnology,kiot,京都工艺纤维大学,京都工艺纤维
1174,kyushuinstituteoftechnology(kyutech),kiot(,九州工业学院,九州工业
1175,latviauniversityoflifesciencesandtechnologies,luolsat,拉脱维亚生命科学与技术大学,拉脱维亚生命科学与技术
1176,universityofleón,uol,列昂大学,列昂
1177,universityoflethbridge,uol,莱斯布里奇大学,莱斯布里奇
1178,l.n.gumilyoveurasiannationaluniversity,lgenu,国立欧亚大学,国立欧亚
1179,lobachevskystateuniversityofnizhninovgorod,lsuonn,罗巴切夫斯基州立大学,罗巴切夫斯基州立
1180,universityofłódź,uoł,罗兹大学,罗兹
1181,lodzuniversityoftechnology,luot,罗兹工业大学,罗兹工业
1182,londonsouthbankuniversity,lsbu,伦敦南岸大学,伦敦南岸
1183,londrinastateuniversity,lsu,隆德里纳州立大学,隆德里纳州立
1184,maharajasayajiraouniversityofbaroda,msuob,马哈拉哈大学,马哈拉哈
1185,mahasarakhamuniversity,mu,玛哈沙拉坎大学,玛哈沙拉坎
1186,universitimalaysiasarawak(unimas),ums(,沙捞越大学,沙捞越
1187,manipalacademyofhighereducation,maohe,马尼帕尔高等教育学院,马尼帕尔高等教育
1188,universityofmanouba,uom,马诺布大学,马诺布
1189,marmarauniversity,mu,马尔马拉大学,马尔马拉
1190,universityofmarrakechcadiayyad,uomca,卡迪阿雅德大学,卡迪阿雅德
1191,meijiuniversity,mu,明治大学,明治
1192,meijouniversity,mu,名城大学,名城
1193,mendeluniversityinbrno,muib,布尔诺孟德尔大学,布尔诺孟德尔
1194,menoufiauniversity,mu,姆努菲亚大学,姆努菲亚
1195,m'hamedbougarauniversityofboumerdès,mbuob,玻美第丝布加拉穆罕默德大学,玻美第丝布加拉穆罕默德
1196,michoacánuniversityofsannicolásofhidalgo,muosnoh,米哈卡恩圣尼古拉斯大学,米哈卡恩圣尼古拉斯
1197,mieuniversity,mu,三重大学,三重
1198,mingchuanuniversity,mcu,铭传大学,铭传
1199,miniauniversity,mu,米尼亚大学,米尼亚
1200,"mirea, russiantechnologicaluniversity","m,rtu",MIREA  - 俄罗斯科技大学,MIREA  - 俄罗斯科技
1201,universityofmiyazaki,uom,宫崎大学,宫崎
1202,mohammedvuniversityofrabat,mvuor,拉马特大学,拉马特
1203,universityofmonastir,uom,莫纳斯提尔大学,莫纳斯提尔
1204,universityofmontenegro,uom,黑山大学,黑山
1205,moscowaviationinstitute,mai,莫斯科航空学院,莫斯科航空
1206,moscowpowerengineeringinstitute,mpei,莫斯科动力学院,莫斯科动力
1207,multimediauniversity,mu,马来西亚多媒体大学,马来西亚多媒体
1208,universityofmumbai,uom,孟买大学,孟买
1209,universityofmysore,uom,迈索尔大学,迈索尔
1210,nagaokauniversityoftechnology,nuot,长冈技术科学大学,长冈技术科学
1211,nagasakiuniversity,nu,长崎大学,长崎
1212,nagoyacityuniversity,ncu,名古屋市立大学,名古屋市立
1213,nagoyainstituteoftechnology,niot,名古屋工业大学,名古屋工业
1214,nanjinguniversityofaeronauticsandastronautics,nuoaaa,南京航空航天大学,南京航空航天
1215,naramedicaluniversity,nmu,奈良县立医科大学,奈良县立医科
1216,naresuanuniversity,nu,纳瑞宣大学,纳瑞宣
1217,nationalchanghuauniversityofeducation,ncuoe,国立彰化大学,国立彰化
1218,nationalchiayiuniversity,ncu,国立嘉义大学,国立嘉义
1219,"nationalchin,yiuniversityoftechnology",ncyuot,国立勤益科技大学,国立勤益科技
1220,nationalchungchenguniversity,nccu,国立中正大学,国立中正
1221,nationalchunghsinguniversity,nchu,国立中兴大学,国立中兴
1222,nationaluniversityofcolombia,nuoc,哥伦比亚国立大学,哥伦比亚国立
1223,nationaluniversityofcórdoba,nuoc,国立科尔多瓦大学,国立科尔多瓦
1224,nationaluniversityofcuyo,nuoc,库约国立大学,库约国立
1225,nationaluniversityofkaohsiung,nuok,国立高雄大学,国立高雄
1226,nationalpolytechnicuniversity(ipn),npu(,墨西哥国立理工大学,墨西哥国立理工
1227,nationalresearchsaratovstateuniversity,nrssu,萨拉托夫州立大学,萨拉托夫州立
1228,nationaluniversityofsanmartín,nuosm,圣马丁国立大学,圣马丁国立
1229,nationaluniversityofthesouth,nuots,国立南方大学,国立南方
1230,nationaltaipeiuniversity,ntu,国立台北大学,国立台北
1231,nationaltaiwanoceanuniversity,ntou,国立台湾海洋大学,国立台湾海洋
1232,nationaltechnicaluniversitykharkivpolytechnicinstitute,ntukpi,哈尔科夫国立理工大学,哈尔科夫国立理工
1233,nationalyunlinuniversityofscienceandtechnology,nyuosat,国立云林科技大学,国立云林科技
1234,nicolauscopernicusuniversityintoruń,ncuit,哥白尼大学,哥白尼
1235,universityofnigeriansukka,uonn,尼日利亚大学,尼日利亚
1236,slovakuniversityofagricultureinnitra,suoain,尼特拉斯洛伐克农业大学,尼特拉斯洛伐克农业
1237,universityofnorthcarolinawilmington,uoncw,北卡罗来纳大学威尔明顿分校,北卡罗来纳威尔明顿分校
1238,northchinaelectricpoweruniversity,ncepu,华北电力大学,华北电力
1239,"universityofthenorth,colombia",uotnc,哥伦比亚北方大学,哥伦比亚北方
1240,universityofnorthflorida,uonf,北佛罗里达大学,北佛罗里达
1241,novosibirskstatetechnicaluniversity,nstu,新西伯利亚国立科技大学,新西伯利亚国立科技
1242,oaklanduniversity,ou,奥克兰大学（美国）,奥克兰（美国）
1243,oceanuniversityofchina,ouoc,中国海洋大学,中国海洋
1244,ochanomizuuniversity,ou,御茶水女子大学,御茶水女子
1245,oitauniversity,ou,大分大学,大分
1246,ondokuzmayisuniversity,omu,昂达库兹美伊斯大学,昂达库兹美伊斯
1247,osakamedicalcollege,omc,大阪医科大学,大阪医科
1248,osakaprefectureuniversity,opu,大阪府立大学,大阪府立
1249,universityofostrava,uoo,俄斯特拉法大学,俄斯特拉法
1250,universityofpardubice,uop,帕尔杜比采大学,帕尔杜比采
1251,parisnanterreuniversity,pnu,巴黎南特雷大学,巴黎南特雷
1252,permnationalresearchpolytechnicuniversity,pnrpu,彼尔姆国立研究理工大学,彼尔姆国立研究理工
1253,permstateuniversity,psu,彼尔姆州立大学,彼尔姆州立
1254,universityofpeshawar,uop,白沙瓦大学,白沙瓦
1255,pirogovrussiannationalresearchmedicaluniversity,prnrmu,皮罗戈夫俄罗斯国立研究医科大学,皮罗戈夫俄罗斯国立研究医科
1256,pmasaridagricultureuniversityrawalpindi,paaur,拉瓦尔品第农业大学,拉瓦尔品第农业
1257,polytechnicuniversityofbucharest,puob,布加勒斯特工业大学,布加勒斯特工业
1258,polytechnicuniversityoftimişoara,puot,蒂米什瓦拉理工大学,蒂米什瓦拉理工
1259,pontificalbolivarianuniversity(upb)–medellín,pbu(–m,罗马教皇玻利瓦尔大学麦德林分校,罗马教皇玻利瓦尔麦德林分校
1260,pontificalcatholicuniversityofminasgerais,pcuomg,米纳斯吉拉斯天主教大学,米纳斯吉拉斯天主教
1261,pontificalcatholicuniversityofparaná,pcuop,巴拉那天主大学,巴拉那天主
1262,pontificalcatholicuniversityofvalparaíso,pcuov,瓦尔帕莱索天主大学,瓦尔帕莱索天主
1263,princeofsongklauniversity,posu,宋卡王子大学,宋卡王子
1264,psgcollegeoftechnology,pcot,PSG理工学院,PSG理工
1265,rigatechnicaluniversity,rtu,里加工业大学,里加工业
1266,riodejaneirostateuniversity(uerj),rdjsu(,里约热内卢州立大学,里约热内卢州立
1267,ritsumeikanuniversity,ru,立命馆大学,立命馆
1268,robertgordonuniversity,rgu,罗伯特戈顿大学,罗伯特戈顿
1269,universityoftheryukyus,uotr,琉球大学,琉球
1270,sagauniversity,su,佐贺大学,佐贺
1271,saitamauniversity,su,埼玉大学,埼玉
1272,saitamamedicaluniversity,smu,埼玉医科大学,埼玉医科
1273,samarauniversity,su,萨马拉大学,萨马拉
1274,santacatarinastateuniversity,scsu,圣卡塔琳娜州立大学,圣卡塔琳娜州立
1275,"universityofsantiago,chile(usach)",uosc(,智利圣地亚哥大学,智利圣地亚哥
1276,universityofsargodha,uos,萨果达大学,萨果达
1277,sastrauniversity,su,萨斯特拉大学,萨斯特拉
1278,sathyabamainstituteofscienceandtechnology,siosat,萨提亚巴马科技学院,萨提亚巴马科技
1279,universityofsciencesandtechnologyhouariboumediene,uosathb,胡阿里·布迈丁科技大学,胡阿里·布迈丁科技
1280,"universityofscienceandtechnologyoforanmohamed,boudiaf",uosatoomb,奥兰·穆罕默德·布迪亚夫科技大学,奥兰·穆罕默德·布迪亚夫科技
1281,sechenovuniversity,su,塞维诺诺夫大学,塞维诺诺夫
1282,selçukuniversity,su,塞尔丘克大学,塞尔丘克
1283,semnanuniversity,su,塞姆南大学,塞姆南
1284,seoulnationaluniversityofscienceandtechnology(seoultech),snuosat(,国立首尔科学技术大学,国立首尔科学技术
1285,sepuluhnopemberinstituteoftechnology,sniot,泗水理工学院,泗水理工
1286,universityofsfax,uos,斯法克斯大学,斯法克斯
1287,shaheduniversity,su,萨哈德大学,萨哈德
1288,shahidbahonaruniversityofkerman,sbuok,沙希德巴霍纳科尔曼大学,沙希德巴霍纳科尔曼
1289,​shahidchamranuniversityofahvaz,​cuoa,阿瓦兹沙希德查姆兰大学,阿瓦兹沙希德查姆兰
1290,shahrekorduniversity,su,沙赫尔库尔德大学,沙赫尔库尔德
1291,shahrooduniversityoftechnology,suot,沙尔鲁德理工大学,沙尔鲁德理工
1292,shibaurainstituteoftechnologytokyo,siott,芝浦工業大学,芝浦工業
1293,shigauniversityofmedicalscience,suoms,滋贺医科大学,滋贺医科
1294,shimaneuniversity,su,岛根大学,岛根
1295,shinshuuniversity,su,信州大学,信州
1296,shirazuniversityofmedicalsciences,suoms,设拉子医科大学,设拉子医科
1297,shizuokauniversity,su,静冈大学,静冈
1298,universityofshizuoka,uos,静冈县立大学,静冈县立
1299,showauniversity,su,昭和大学,昭和
1300,siberianfederaluniversity,sfu,西伯利亚联邦大学,西伯利亚联邦
1301,siksha‘o’anusandhan,s‘a,印度奥里萨邦大学,印度奥里萨邦
1302,universityofsilesiainkatowice,uosik,西里西亚大学,西里西亚
1303,silesianuniversityoftechnology,suot,西里西亚工业大学,西里西亚工业
1304,silpakornuniversity,su,泰国艺术大学,泰国艺术
1305,simónbolívaruniversity,sbu,西蒙·玻利瓦尔大学,西蒙·玻利瓦尔
1306,universityofthesinosvalley,uotsv,铃谷大学,铃谷
1307,slovakuniversityoftechnologyinbratislava,suotib,斯洛伐克工业大学,斯洛伐克工业
1308,sofiauniversity,su,加州索非亚大学,加州索非亚
1309,sohaguniversity,su,索哈杰大学,索哈杰
1310,universityofsonora,uos,索诺拉大学,索诺拉
1311,soongsiluniversity,su,崇实大学,崇实
1312,sophiauniversity,su,上智大学,上智
1313,universityofsousse,uos,苏斯大学,苏斯
1314,universityofsouthafrica,uosa,南非大学,南非
1315,universityofsouthchina,uosc,南华大学,南华
1316,southernfederaluniversity,sfu,南方联邦大学,南方联邦
1317,southernmedicaluniversity,smu,南方医科大学,南方医科
1318,southuralstateuniversity,susu,南乌拉尔州立大学,南乌拉尔州立
1319,southvalleyuniversity,svu,南谷大学,南谷
1320,universityofsouthwales,uosw,南威尔士大学,南威尔士
1321,southwestjiaotonguniversity,sju,西南交通大学,西南交通
1322,srinakharinwirotuniversity,su,诗纳卡琳威洛大学,诗纳卡琳威洛
1323,srminstituteofscienceandtechnology,siosat,斯里纳玛斯旺纪念大学,斯里纳玛斯旺纪念
1324,stateuniversityofmaringá,suom,马林加州立大学,马林加州立
1325,stateuniversityofpontagrossa,suopg,庞塔州立大学,庞塔州立
1326,stateuniversityofsantacruz,suosc,圣克鲁兹州立大学,圣克鲁兹州立
1327,stpetersburgelectrotechnicaluniversity(leti),speu(,圣彼得堡电工大学（莱蒂）,圣彼得堡电工（莱蒂）
1328,süleymandemireluniversity,sdu,苏莱曼德米雷尔大学,苏莱曼德米雷尔
1329,sumystateuniversity,ssu,苏梅州立大学,苏梅州立
1330,suranareeuniversityoftechnology,suot,苏兰拉里技术大学,苏兰拉里技术
1331,swpsuniversityofsocialsciencesandhumanities,suossah,波兰华沙社会科学与人文大学,波兰华沙社会科学与人文
1332,szentistvánuniversity,siu,圣斯蒂芬大学,圣斯蒂芬
1333,universityoftalca,uot,塔尔卡大学,塔尔卡
1334,tamilnaduagriculturaluniversity,tnau,泰米尔纳德邦农业大学,泰米尔纳德邦农业
1335,tamkanguniversity,tu,淡江大学,淡江
1336,universityoftarapacá,uot,塔拉帕克大学,塔拉帕克
1337,tarasshevchenkonationaluniversityofkyiv,tsnuok,基辅国立大学,基辅国立
1338,"technicaluniversityofcluj,napoca",tuocn,克卢日-纳波卡理工大学,克卢日-纳波卡理工
1339,technicaluniversityofkošice,tuok,科希策技术大学,科希策技术
1340,technicaluniversityofliberec,tuol,利贝雷茨工业大学,利贝雷茨工业
1341,"universityoftechnology,iraq",uoti,伊拉克理工大学,伊拉克理工
1342,universititeknologimara,utm,玛拉工艺大学,玛拉工艺
1343,texasstateuniversity,tsu,德克萨斯州立大学,德克萨斯州立
1344,thammasatuniversity,tu,泰国法政大学,泰国法政
1345,universityoftlemcen,uot,特莱姆森大学,特莱姆森
1346,tobbuniversityofeconomicsandtechnology,tuoeat,图拨经济技术大学,图拨经济技术
1347,tohouniversity,tu,东邦大学,东邦
1348,tokaiuniversity,tu,东海大学（日本）,东海（日本）
1349,tokatgaziosmanpaşauniversity,tgu,格基奥马帕萨大学,格基奥马帕萨
1350,tokushimauniversity,tu,德岛大学,德岛
1351,tokyouniversityofagriculture,tuoa,东京农业大学,东京农业
1352,tokyocityuniversity,tcu,东京都市大学,东京都市
1353,tokyodenkiuniversity,tdu,东京电机大学,东京电机
1354,tokyouniversityofmarinescienceandtechnology,tuomsat,东京海洋大学,东京海洋
1355,tomasbatauniversityinzlín,tbuiz,兹林大学,兹林
1356,tottoriuniversity,tu,鸟取大学,鸟取
1357,universityoftoyama,uot,富山大学,富山
1358,toyouniversity,tu,东洋大学,东洋
1359,toyohashiuniversityoftechnology(tut),tuot(,丰桥技术大学（TUT）,丰桥技术（TUT）
1360,tribhuvanuniversity,tu,特里布万大学,特里布万
1361,tunghaiuniversity,tu,东海大学（台湾）,东海（台湾）
1362,universityoftuniselmanar,uotem,突尼斯萨尔瓦多马纳尔大学,突尼斯萨尔瓦多马纳尔
1363,tzuchiuniversity,tcu,慈济大学,慈济
1364,ufastateaviationtechnicaluniversity,usatu,乌法国立航空技术大学,乌法国立航空技术
1365,uralfederaluniversity,ufu,乌拉尔联邦大学,乌拉尔联邦
1366,urmiauniversity,uu,乌尔米耶大学,乌尔米耶
1367,utsunomiyauniversity,uu,宇都宫大学,宇都宫
1368,universityofvalladolid,uov,巴利亚多利德大学,巴利亚多利德
1369,universityofvalparaíso,uov,瓦尔帕莱索大学,瓦尔帕莱索
1370,"universityofveterinaryandanimalsciences,lahore",uovaasl,拉合尔兽医与动物科学大学,拉合尔兽医与动物科学
1371,vietnamnationaluniversity(hochiminhcity),vnu(cmc,胡志明国立大学,胡志明国立
1372,vilniusgediminastechnicaluniversity,vgtu,维尔纽斯工业大学,维尔纽斯工业
1373,v.n.karazinkharkivnationaluniversity,vkknu,哈尔科夫国立大学,哈尔科夫国立
1374,volgogradstatetechnicaluniversity,vstu,伏尔加格勒州立技术大学,伏尔加格勒州立技术
1375,voronezhstateuniversity,vsu,沃罗涅日国立大学,沃罗涅日国立
1376,"všb, technicaluniversityofostrava","v,tuoo",俄斯特拉法工业大学,俄斯特拉法工业
1377,warsawuniversityoftechnology,wuot,华沙工业大学,华沙工业
1378,wenzhoumedicaluniversity,wmu,温州医科大学,温州医科
1379,universityofwestbohemia,uowb,西波希米亚大学,西波希米亚
1380,westernparanástateuniversity(unioeste),wpsu(,西帕兰州立大学,西帕兰州立
1381,westuniversityoftimişoara,wuot,西蒂米什瓦拉大学,西蒂米什瓦拉
1382,wrocławuniversityofscienceandtechnology,wuosat,弗罗茨瓦夫科技大学,弗罗茨瓦夫科技
1383,yamagatauniversity,yu,山形大学,山形
1384,yamaguchiuniversity,yu,山口大学,山口
1385,universityofyamanashi,uoy,山梨大学,山梨
1386,yanshanuniversity,yu,燕山大学,燕山
1387,yarmoukuniversity,yu,耶尔穆克大学,耶尔穆克
1388,yazduniversity,yu,亚兹德大学,亚兹德
1389,yeditepeuniversity,yu,叶迪特佩大学,叶迪特佩
1390,yıldıztechnicaluniversity,ytu,耶尔德兹理工大学,耶尔德兹理工
1391,yokohamanationaluniversity,ynu,横滨国立大学,横滨国立
1392,yuanzeuniversity,yzu,元智大学,元智
1393,zagaziguniversity,zu,扎加齐格大学,扎加齐格
1394,universityofzagreb,uoz,萨格勒布大学,萨格勒布
1395,universityofzanjan,uoz,赞詹大学,赞詹
1396,zhejianguniversityoftechnology,zuot,浙江工业大学,浙江工业
